namespace Rezrov.Glulx.Glk;

/// <summary>
/// The parts of the Unicode Character Database that the Glk case and
/// normalization functions read, as flat sorted arrays of words.
/// </summary>
/// <remarks>
/// This file is written by tools/unicode_tables.py from the database
/// files of Unicode 16.0.0; change the script, not the file. Where
/// a table points into a pool, the pool holds a count and then that
/// many characters, and an offset of zero means no entry.
/// </remarks>
internal static class GlkUnicodeData
{
    /// <summary>The Unicode version the tables were taken from.</summary>
    public const string Version = "16.0.0";

    /// <summary>
    /// Runs of characters with a nonzero canonical combining class:
    /// first character, last character, class. Sorted by character.
    /// </summary>
    public static ReadOnlySpan<uint> CombiningClasses =>
    [
        0x300, 0x314, 0xE6, 0x315, 0x315, 0xE8, 0x316, 0x319,
        0xDC, 0x31A, 0x31A, 0xE8, 0x31B, 0x31B, 0xD8, 0x31C,
        0x320, 0xDC, 0x321, 0x322, 0xCA, 0x323, 0x326, 0xDC,
        0x327, 0x328, 0xCA, 0x329, 0x333, 0xDC, 0x334, 0x338,
        0x1, 0x339, 0x33C, 0xDC, 0x33D, 0x344, 0xE6, 0x345,
        0x345, 0xF0, 0x346, 0x346, 0xE6, 0x347, 0x349, 0xDC,
        0x34A, 0x34C, 0xE6, 0x34D, 0x34E, 0xDC, 0x350, 0x352,
        0xE6, 0x353, 0x356, 0xDC, 0x357, 0x357, 0xE6, 0x358,
        0x358, 0xE8, 0x359, 0x35A, 0xDC, 0x35B, 0x35B, 0xE6,
        0x35C, 0x35C, 0xE9, 0x35D, 0x35E, 0xEA, 0x35F, 0x35F,
        0xE9, 0x360, 0x361, 0xEA, 0x362, 0x362, 0xE9, 0x363,
        0x36F, 0xE6, 0x483, 0x487, 0xE6, 0x591, 0x591, 0xDC,
        0x592, 0x595, 0xE6, 0x596, 0x596, 0xDC, 0x597, 0x599,
        0xE6, 0x59A, 0x59A, 0xDE, 0x59B, 0x59B, 0xDC, 0x59C,
        0x5A1, 0xE6, 0x5A2, 0x5A7, 0xDC, 0x5A8, 0x5A9, 0xE6,
        0x5AA, 0x5AA, 0xDC, 0x5AB, 0x5AC, 0xE6, 0x5AD, 0x5AD,
        0xDE, 0x5AE, 0x5AE, 0xE4, 0x5AF, 0x5AF, 0xE6, 0x5B0,
        0x5B0, 0xA, 0x5B1, 0x5B1, 0xB, 0x5B2, 0x5B2, 0xC,
        0x5B3, 0x5B3, 0xD, 0x5B4, 0x5B4, 0xE, 0x5B5, 0x5B5,
        0xF, 0x5B6, 0x5B6, 0x10, 0x5B7, 0x5B7, 0x11, 0x5B8,
        0x5B8, 0x12, 0x5B9, 0x5BA, 0x13, 0x5BB, 0x5BB, 0x14,
        0x5BC, 0x5BC, 0x15, 0x5BD, 0x5BD, 0x16, 0x5BF, 0x5BF,
        0x17, 0x5C1, 0x5C1, 0x18, 0x5C2, 0x5C2, 0x19, 0x5C4,
        0x5C4, 0xE6, 0x5C5, 0x5C5, 0xDC, 0x5C7, 0x5C7, 0x12,
        0x610, 0x617, 0xE6, 0x618, 0x618, 0x1E, 0x619, 0x619,
        0x1F, 0x61A, 0x61A, 0x20, 0x64B, 0x64B, 0x1B, 0x64C,
        0x64C, 0x1C, 0x64D, 0x64D, 0x1D, 0x64E, 0x64E, 0x1E,
        0x64F, 0x64F, 0x1F, 0x650, 0x650, 0x20, 0x651, 0x651,
        0x21, 0x652, 0x652, 0x22, 0x653, 0x654, 0xE6, 0x655,
        0x656, 0xDC, 0x657, 0x65B, 0xE6, 0x65C, 0x65C, 0xDC,
        0x65D, 0x65E, 0xE6, 0x65F, 0x65F, 0xDC, 0x670, 0x670,
        0x23, 0x6D6, 0x6DC, 0xE6, 0x6DF, 0x6E2, 0xE6, 0x6E3,
        0x6E3, 0xDC, 0x6E4, 0x6E4, 0xE6, 0x6E7, 0x6E8, 0xE6,
        0x6EA, 0x6EA, 0xDC, 0x6EB, 0x6EC, 0xE6, 0x6ED, 0x6ED,
        0xDC, 0x711, 0x711, 0x24, 0x730, 0x730, 0xE6, 0x731,
        0x731, 0xDC, 0x732, 0x733, 0xE6, 0x734, 0x734, 0xDC,
        0x735, 0x736, 0xE6, 0x737, 0x739, 0xDC, 0x73A, 0x73A,
        0xE6, 0x73B, 0x73C, 0xDC, 0x73D, 0x73D, 0xE6, 0x73E,
        0x73E, 0xDC, 0x73F, 0x741, 0xE6, 0x742, 0x742, 0xDC,
        0x743, 0x743, 0xE6, 0x744, 0x744, 0xDC, 0x745, 0x745,
        0xE6, 0x746, 0x746, 0xDC, 0x747, 0x747, 0xE6, 0x748,
        0x748, 0xDC, 0x749, 0x74A, 0xE6, 0x7EB, 0x7F1, 0xE6,
        0x7F2, 0x7F2, 0xDC, 0x7F3, 0x7F3, 0xE6, 0x7FD, 0x7FD,
        0xDC, 0x816, 0x819, 0xE6, 0x81B, 0x823, 0xE6, 0x825,
        0x827, 0xE6, 0x829, 0x82D, 0xE6, 0x859, 0x85B, 0xDC,
        0x897, 0x898, 0xE6, 0x899, 0x89B, 0xDC, 0x89C, 0x89F,
        0xE6, 0x8CA, 0x8CE, 0xE6, 0x8CF, 0x8D3, 0xDC, 0x8D4,
        0x8E1, 0xE6, 0x8E3, 0x8E3, 0xDC, 0x8E4, 0x8E5, 0xE6,
        0x8E6, 0x8E6, 0xDC, 0x8E7, 0x8E8, 0xE6, 0x8E9, 0x8E9,
        0xDC, 0x8EA, 0x8EC, 0xE6, 0x8ED, 0x8EF, 0xDC, 0x8F0,
        0x8F0, 0x1B, 0x8F1, 0x8F1, 0x1C, 0x8F2, 0x8F2, 0x1D,
        0x8F3, 0x8F5, 0xE6, 0x8F6, 0x8F6, 0xDC, 0x8F7, 0x8F8,
        0xE6, 0x8F9, 0x8FA, 0xDC, 0x8FB, 0x8FF, 0xE6, 0x93C,
        0x93C, 0x7, 0x94D, 0x94D, 0x9, 0x951, 0x951, 0xE6,
        0x952, 0x952, 0xDC, 0x953, 0x954, 0xE6, 0x9BC, 0x9BC,
        0x7, 0x9CD, 0x9CD, 0x9, 0x9FE, 0x9FE, 0xE6, 0xA3C,
        0xA3C, 0x7, 0xA4D, 0xA4D, 0x9, 0xABC, 0xABC, 0x7,
        0xACD, 0xACD, 0x9, 0xB3C, 0xB3C, 0x7, 0xB4D, 0xB4D,
        0x9, 0xBCD, 0xBCD, 0x9, 0xC3C, 0xC3C, 0x7, 0xC4D,
        0xC4D, 0x9, 0xC55, 0xC55, 0x54, 0xC56, 0xC56, 0x5B,
        0xCBC, 0xCBC, 0x7, 0xCCD, 0xCCD, 0x9, 0xD3B, 0xD3C,
        0x9, 0xD4D, 0xD4D, 0x9, 0xDCA, 0xDCA, 0x9, 0xE38,
        0xE39, 0x67, 0xE3A, 0xE3A, 0x9, 0xE48, 0xE4B, 0x6B,
        0xEB8, 0xEB9, 0x76, 0xEBA, 0xEBA, 0x9, 0xEC8, 0xECB,
        0x7A, 0xF18, 0xF19, 0xDC, 0xF35, 0xF35, 0xDC, 0xF37,
        0xF37, 0xDC, 0xF39, 0xF39, 0xD8, 0xF71, 0xF71, 0x81,
        0xF72, 0xF72, 0x82, 0xF74, 0xF74, 0x84, 0xF7A, 0xF7D,
        0x82, 0xF80, 0xF80, 0x82, 0xF82, 0xF83, 0xE6, 0xF84,
        0xF84, 0x9, 0xF86, 0xF87, 0xE6, 0xFC6, 0xFC6, 0xDC,
        0x1037, 0x1037, 0x7, 0x1039, 0x103A, 0x9, 0x108D, 0x108D,
        0xDC, 0x135D, 0x135F, 0xE6, 0x1714, 0x1715, 0x9, 0x1734,
        0x1734, 0x9, 0x17D2, 0x17D2, 0x9, 0x17DD, 0x17DD, 0xE6,
        0x18A9, 0x18A9, 0xE4, 0x1939, 0x1939, 0xDE, 0x193A, 0x193A,
        0xE6, 0x193B, 0x193B, 0xDC, 0x1A17, 0x1A17, 0xE6, 0x1A18,
        0x1A18, 0xDC, 0x1A60, 0x1A60, 0x9, 0x1A75, 0x1A7C, 0xE6,
        0x1A7F, 0x1A7F, 0xDC, 0x1AB0, 0x1AB4, 0xE6, 0x1AB5, 0x1ABA,
        0xDC, 0x1ABB, 0x1ABC, 0xE6, 0x1ABD, 0x1ABD, 0xDC, 0x1ABF,
        0x1AC0, 0xDC, 0x1AC1, 0x1AC2, 0xE6, 0x1AC3, 0x1AC4, 0xDC,
        0x1AC5, 0x1AC9, 0xE6, 0x1ACA, 0x1ACA, 0xDC, 0x1ACB, 0x1ACE,
        0xE6, 0x1B34, 0x1B34, 0x7, 0x1B44, 0x1B44, 0x9, 0x1B6B,
        0x1B6B, 0xE6, 0x1B6C, 0x1B6C, 0xDC, 0x1B6D, 0x1B73, 0xE6,
        0x1BAA, 0x1BAB, 0x9, 0x1BE6, 0x1BE6, 0x7, 0x1BF2, 0x1BF3,
        0x9, 0x1C37, 0x1C37, 0x7, 0x1CD0, 0x1CD2, 0xE6, 0x1CD4,
        0x1CD4, 0x1, 0x1CD5, 0x1CD9, 0xDC, 0x1CDA, 0x1CDB, 0xE6,
        0x1CDC, 0x1CDF, 0xDC, 0x1CE0, 0x1CE0, 0xE6, 0x1CE2, 0x1CE8,
        0x1, 0x1CED, 0x1CED, 0xDC, 0x1CF4, 0x1CF4, 0xE6, 0x1CF8,
        0x1CF9, 0xE6, 0x1DC0, 0x1DC1, 0xE6, 0x1DC2, 0x1DC2, 0xDC,
        0x1DC3, 0x1DC9, 0xE6, 0x1DCA, 0x1DCA, 0xDC, 0x1DCB, 0x1DCC,
        0xE6, 0x1DCD, 0x1DCD, 0xEA, 0x1DCE, 0x1DCE, 0xD6, 0x1DCF,
        0x1DCF, 0xDC, 0x1DD0, 0x1DD0, 0xCA, 0x1DD1, 0x1DF5, 0xE6,
        0x1DF6, 0x1DF6, 0xE8, 0x1DF7, 0x1DF8, 0xE4, 0x1DF9, 0x1DF9,
        0xDC, 0x1DFA, 0x1DFA, 0xDA, 0x1DFB, 0x1DFB, 0xE6, 0x1DFC,
        0x1DFC, 0xE9, 0x1DFD, 0x1DFD, 0xDC, 0x1DFE, 0x1DFE, 0xE6,
        0x1DFF, 0x1DFF, 0xDC, 0x20D0, 0x20D1, 0xE6, 0x20D2, 0x20D3,
        0x1, 0x20D4, 0x20D7, 0xE6, 0x20D8, 0x20DA, 0x1, 0x20DB,
        0x20DC, 0xE6, 0x20E1, 0x20E1, 0xE6, 0x20E5, 0x20E6, 0x1,
        0x20E7, 0x20E7, 0xE6, 0x20E8, 0x20E8, 0xDC, 0x20E9, 0x20E9,
        0xE6, 0x20EA, 0x20EB, 0x1, 0x20EC, 0x20EF, 0xDC, 0x20F0,
        0x20F0, 0xE6, 0x2CEF, 0x2CF1, 0xE6, 0x2D7F, 0x2D7F, 0x9,
        0x2DE0, 0x2DFF, 0xE6, 0x302A, 0x302A, 0xDA, 0x302B, 0x302B,
        0xE4, 0x302C, 0x302C, 0xE8, 0x302D, 0x302D, 0xDE, 0x302E,
        0x302F, 0xE0, 0x3099, 0x309A, 0x8, 0xA66F, 0xA66F, 0xE6,
        0xA674, 0xA67D, 0xE6, 0xA69E, 0xA69F, 0xE6, 0xA6F0, 0xA6F1,
        0xE6, 0xA806, 0xA806, 0x9, 0xA82C, 0xA82C, 0x9, 0xA8C4,
        0xA8C4, 0x9, 0xA8E0, 0xA8F1, 0xE6, 0xA92B, 0xA92D, 0xDC,
        0xA953, 0xA953, 0x9, 0xA9B3, 0xA9B3, 0x7, 0xA9C0, 0xA9C0,
        0x9, 0xAAB0, 0xAAB0, 0xE6, 0xAAB2, 0xAAB3, 0xE6, 0xAAB4,
        0xAAB4, 0xDC, 0xAAB7, 0xAAB8, 0xE6, 0xAABE, 0xAABF, 0xE6,
        0xAAC1, 0xAAC1, 0xE6, 0xAAF6, 0xAAF6, 0x9, 0xABED, 0xABED,
        0x9, 0xFB1E, 0xFB1E, 0x1A, 0xFE20, 0xFE26, 0xE6, 0xFE27,
        0xFE2D, 0xDC, 0xFE2E, 0xFE2F, 0xE6, 0x101FD, 0x101FD, 0xDC,
        0x102E0, 0x102E0, 0xDC, 0x10376, 0x1037A, 0xE6, 0x10A0D, 0x10A0D,
        0xDC, 0x10A0F, 0x10A0F, 0xE6, 0x10A38, 0x10A38, 0xE6, 0x10A39,
        0x10A39, 0x1, 0x10A3A, 0x10A3A, 0xDC, 0x10A3F, 0x10A3F, 0x9,
        0x10AE5, 0x10AE5, 0xE6, 0x10AE6, 0x10AE6, 0xDC, 0x10D24, 0x10D27,
        0xE6, 0x10D69, 0x10D6D, 0xE6, 0x10EAB, 0x10EAC, 0xE6, 0x10EFD,
        0x10EFF, 0xDC, 0x10F46, 0x10F47, 0xDC, 0x10F48, 0x10F4A, 0xE6,
        0x10F4B, 0x10F4B, 0xDC, 0x10F4C, 0x10F4C, 0xE6, 0x10F4D, 0x10F50,
        0xDC, 0x10F82, 0x10F82, 0xE6, 0x10F83, 0x10F83, 0xDC, 0x10F84,
        0x10F84, 0xE6, 0x10F85, 0x10F85, 0xDC, 0x11046, 0x11046, 0x9,
        0x11070, 0x11070, 0x9, 0x1107F, 0x1107F, 0x9, 0x110B9, 0x110B9,
        0x9, 0x110BA, 0x110BA, 0x7, 0x11100, 0x11102, 0xE6, 0x11133,
        0x11134, 0x9, 0x11173, 0x11173, 0x7, 0x111C0, 0x111C0, 0x9,
        0x111CA, 0x111CA, 0x7, 0x11235, 0x11235, 0x9, 0x11236, 0x11236,
        0x7, 0x112E9, 0x112E9, 0x7, 0x112EA, 0x112EA, 0x9, 0x1133B,
        0x1133C, 0x7, 0x1134D, 0x1134D, 0x9, 0x11366, 0x1136C, 0xE6,
        0x11370, 0x11374, 0xE6, 0x113CE, 0x113D0, 0x9, 0x11442, 0x11442,
        0x9, 0x11446, 0x11446, 0x7, 0x1145E, 0x1145E, 0xE6, 0x114C2,
        0x114C2, 0x9, 0x114C3, 0x114C3, 0x7, 0x115BF, 0x115BF, 0x9,
        0x115C0, 0x115C0, 0x7, 0x1163F, 0x1163F, 0x9, 0x116B6, 0x116B6,
        0x9, 0x116B7, 0x116B7, 0x7, 0x1172B, 0x1172B, 0x9, 0x11839,
        0x11839, 0x9, 0x1183A, 0x1183A, 0x7, 0x1193D, 0x1193E, 0x9,
        0x11943, 0x11943, 0x7, 0x119E0, 0x119E0, 0x9, 0x11A34, 0x11A34,
        0x9, 0x11A47, 0x11A47, 0x9, 0x11A99, 0x11A99, 0x9, 0x11C3F,
        0x11C3F, 0x9, 0x11D42, 0x11D42, 0x7, 0x11D44, 0x11D45, 0x9,
        0x11D97, 0x11D97, 0x9, 0x11F41, 0x11F42, 0x9, 0x1612F, 0x1612F,
        0x9, 0x16AF0, 0x16AF4, 0x1, 0x16B30, 0x16B36, 0xE6, 0x16FF0,
        0x16FF1, 0x6, 0x1BC9E, 0x1BC9E, 0x1, 0x1D165, 0x1D166, 0xD8,
        0x1D167, 0x1D169, 0x1, 0x1D16D, 0x1D16D, 0xE2, 0x1D16E, 0x1D172,
        0xD8, 0x1D17B, 0x1D182, 0xDC, 0x1D185, 0x1D189, 0xE6, 0x1D18A,
        0x1D18B, 0xDC, 0x1D1AA, 0x1D1AD, 0xE6, 0x1D242, 0x1D244, 0xE6,
        0x1E000, 0x1E006, 0xE6, 0x1E008, 0x1E018, 0xE6, 0x1E01B, 0x1E021,
        0xE6, 0x1E023, 0x1E024, 0xE6, 0x1E026, 0x1E02A, 0xE6, 0x1E08F,
        0x1E08F, 0xE6, 0x1E130, 0x1E136, 0xE6, 0x1E2AE, 0x1E2AE, 0xE6,
        0x1E2EC, 0x1E2EF, 0xE6, 0x1E4EC, 0x1E4ED, 0xE8, 0x1E4EE, 0x1E4EE,
        0xDC, 0x1E4EF, 0x1E4EF, 0xE6, 0x1E5EE, 0x1E5EE, 0xE6, 0x1E5EF,
        0x1E5EF, 0xDC, 0x1E8D0, 0x1E8D6, 0xDC, 0x1E944, 0x1E949, 0xE6,
        0x1E94A, 0x1E94A, 0x7,
    ];

    /// <summary>
    /// Characters with a canonical decomposition, other than the
    /// Hangul syllables, which decompose by arithmetic: character,
    /// offset into <see cref="DecompositionParts"/>. Sorted by
    /// character.
    /// </summary>
    public static ReadOnlySpan<uint> Decompositions =>
    [
        0xC0, 0x1, 0xC1, 0x4, 0xC2, 0x7, 0xC3, 0xA,
        0xC4, 0xD, 0xC5, 0x10, 0xC7, 0x13, 0xC8, 0x16,
        0xC9, 0x19, 0xCA, 0x1C, 0xCB, 0x1F, 0xCC, 0x22,
        0xCD, 0x25, 0xCE, 0x28, 0xCF, 0x2B, 0xD1, 0x2E,
        0xD2, 0x31, 0xD3, 0x34, 0xD4, 0x37, 0xD5, 0x3A,
        0xD6, 0x3D, 0xD9, 0x40, 0xDA, 0x43, 0xDB, 0x46,
        0xDC, 0x49, 0xDD, 0x4C, 0xE0, 0x4F, 0xE1, 0x52,
        0xE2, 0x55, 0xE3, 0x58, 0xE4, 0x5B, 0xE5, 0x5E,
        0xE7, 0x61, 0xE8, 0x64, 0xE9, 0x67, 0xEA, 0x6A,
        0xEB, 0x6D, 0xEC, 0x70, 0xED, 0x73, 0xEE, 0x76,
        0xEF, 0x79, 0xF1, 0x7C, 0xF2, 0x7F, 0xF3, 0x82,
        0xF4, 0x85, 0xF5, 0x88, 0xF6, 0x8B, 0xF9, 0x8E,
        0xFA, 0x91, 0xFB, 0x94, 0xFC, 0x97, 0xFD, 0x9A,
        0xFF, 0x9D, 0x100, 0xA0, 0x101, 0xA3, 0x102, 0xA6,
        0x103, 0xA9, 0x104, 0xAC, 0x105, 0xAF, 0x106, 0xB2,
        0x107, 0xB5, 0x108, 0xB8, 0x109, 0xBB, 0x10A, 0xBE,
        0x10B, 0xC1, 0x10C, 0xC4, 0x10D, 0xC7, 0x10E, 0xCA,
        0x10F, 0xCD, 0x112, 0xD0, 0x113, 0xD3, 0x114, 0xD6,
        0x115, 0xD9, 0x116, 0xDC, 0x117, 0xDF, 0x118, 0xE2,
        0x119, 0xE5, 0x11A, 0xE8, 0x11B, 0xEB, 0x11C, 0xEE,
        0x11D, 0xF1, 0x11E, 0xF4, 0x11F, 0xF7, 0x120, 0xFA,
        0x121, 0xFD, 0x122, 0x100, 0x123, 0x103, 0x124, 0x106,
        0x125, 0x109, 0x128, 0x10C, 0x129, 0x10F, 0x12A, 0x112,
        0x12B, 0x115, 0x12C, 0x118, 0x12D, 0x11B, 0x12E, 0x11E,
        0x12F, 0x121, 0x130, 0x124, 0x134, 0x127, 0x135, 0x12A,
        0x136, 0x12D, 0x137, 0x130, 0x139, 0x133, 0x13A, 0x136,
        0x13B, 0x139, 0x13C, 0x13C, 0x13D, 0x13F, 0x13E, 0x142,
        0x143, 0x145, 0x144, 0x148, 0x145, 0x14B, 0x146, 0x14E,
        0x147, 0x151, 0x148, 0x154, 0x14C, 0x157, 0x14D, 0x15A,
        0x14E, 0x15D, 0x14F, 0x160, 0x150, 0x163, 0x151, 0x166,
        0x154, 0x169, 0x155, 0x16C, 0x156, 0x16F, 0x157, 0x172,
        0x158, 0x175, 0x159, 0x178, 0x15A, 0x17B, 0x15B, 0x17E,
        0x15C, 0x181, 0x15D, 0x184, 0x15E, 0x187, 0x15F, 0x18A,
        0x160, 0x18D, 0x161, 0x190, 0x162, 0x193, 0x163, 0x196,
        0x164, 0x199, 0x165, 0x19C, 0x168, 0x19F, 0x169, 0x1A2,
        0x16A, 0x1A5, 0x16B, 0x1A8, 0x16C, 0x1AB, 0x16D, 0x1AE,
        0x16E, 0x1B1, 0x16F, 0x1B4, 0x170, 0x1B7, 0x171, 0x1BA,
        0x172, 0x1BD, 0x173, 0x1C0, 0x174, 0x1C3, 0x175, 0x1C6,
        0x176, 0x1C9, 0x177, 0x1CC, 0x178, 0x1CF, 0x179, 0x1D2,
        0x17A, 0x1D5, 0x17B, 0x1D8, 0x17C, 0x1DB, 0x17D, 0x1DE,
        0x17E, 0x1E1, 0x1A0, 0x1E4, 0x1A1, 0x1E7, 0x1AF, 0x1EA,
        0x1B0, 0x1ED, 0x1CD, 0x1F0, 0x1CE, 0x1F3, 0x1CF, 0x1F6,
        0x1D0, 0x1F9, 0x1D1, 0x1FC, 0x1D2, 0x1FF, 0x1D3, 0x202,
        0x1D4, 0x205, 0x1D5, 0x208, 0x1D6, 0x20C, 0x1D7, 0x210,
        0x1D8, 0x214, 0x1D9, 0x218, 0x1DA, 0x21C, 0x1DB, 0x220,
        0x1DC, 0x224, 0x1DE, 0x228, 0x1DF, 0x22C, 0x1E0, 0x230,
        0x1E1, 0x234, 0x1E2, 0x238, 0x1E3, 0x23B, 0x1E6, 0x23E,
        0x1E7, 0x241, 0x1E8, 0x244, 0x1E9, 0x247, 0x1EA, 0x24A,
        0x1EB, 0x24D, 0x1EC, 0x250, 0x1ED, 0x254, 0x1EE, 0x258,
        0x1EF, 0x25B, 0x1F0, 0x25E, 0x1F4, 0x261, 0x1F5, 0x264,
        0x1F8, 0x267, 0x1F9, 0x26A, 0x1FA, 0x26D, 0x1FB, 0x271,
        0x1FC, 0x275, 0x1FD, 0x278, 0x1FE, 0x27B, 0x1FF, 0x27E,
        0x200, 0x281, 0x201, 0x284, 0x202, 0x287, 0x203, 0x28A,
        0x204, 0x28D, 0x205, 0x290, 0x206, 0x293, 0x207, 0x296,
        0x208, 0x299, 0x209, 0x29C, 0x20A, 0x29F, 0x20B, 0x2A2,
        0x20C, 0x2A5, 0x20D, 0x2A8, 0x20E, 0x2AB, 0x20F, 0x2AE,
        0x210, 0x2B1, 0x211, 0x2B4, 0x212, 0x2B7, 0x213, 0x2BA,
        0x214, 0x2BD, 0x215, 0x2C0, 0x216, 0x2C3, 0x217, 0x2C6,
        0x218, 0x2C9, 0x219, 0x2CC, 0x21A, 0x2CF, 0x21B, 0x2D2,
        0x21E, 0x2D5, 0x21F, 0x2D8, 0x226, 0x2DB, 0x227, 0x2DE,
        0x228, 0x2E1, 0x229, 0x2E4, 0x22A, 0x2E7, 0x22B, 0x2EB,
        0x22C, 0x2EF, 0x22D, 0x2F3, 0x22E, 0x2F7, 0x22F, 0x2FA,
        0x230, 0x2FD, 0x231, 0x301, 0x232, 0x305, 0x233, 0x308,
        0x340, 0x30B, 0x341, 0x30D, 0x343, 0x30F, 0x344, 0x311,
        0x374, 0x314, 0x37E, 0x316, 0x385, 0x318, 0x386, 0x31B,
        0x387, 0x31E, 0x388, 0x320, 0x389, 0x323, 0x38A, 0x326,
        0x38C, 0x329, 0x38E, 0x32C, 0x38F, 0x32F, 0x390, 0x332,
        0x3AA, 0x336, 0x3AB, 0x339, 0x3AC, 0x33C, 0x3AD, 0x33F,
        0x3AE, 0x342, 0x3AF, 0x345, 0x3B0, 0x348, 0x3CA, 0x34C,
        0x3CB, 0x34F, 0x3CC, 0x352, 0x3CD, 0x355, 0x3CE, 0x358,
        0x3D3, 0x35B, 0x3D4, 0x35E, 0x400, 0x361, 0x401, 0x364,
        0x403, 0x367, 0x407, 0x36A, 0x40C, 0x36D, 0x40D, 0x370,
        0x40E, 0x373, 0x419, 0x376, 0x439, 0x379, 0x450, 0x37C,
        0x451, 0x37F, 0x453, 0x382, 0x457, 0x385, 0x45C, 0x388,
        0x45D, 0x38B, 0x45E, 0x38E, 0x476, 0x391, 0x477, 0x394,
        0x4C1, 0x397, 0x4C2, 0x39A, 0x4D0, 0x39D, 0x4D1, 0x3A0,
        0x4D2, 0x3A3, 0x4D3, 0x3A6, 0x4D6, 0x3A9, 0x4D7, 0x3AC,
        0x4DA, 0x3AF, 0x4DB, 0x3B2, 0x4DC, 0x3B5, 0x4DD, 0x3B8,
        0x4DE, 0x3BB, 0x4DF, 0x3BE, 0x4E2, 0x3C1, 0x4E3, 0x3C4,
        0x4E4, 0x3C7, 0x4E5, 0x3CA, 0x4E6, 0x3CD, 0x4E7, 0x3D0,
        0x4EA, 0x3D3, 0x4EB, 0x3D6, 0x4EC, 0x3D9, 0x4ED, 0x3DC,
        0x4EE, 0x3DF, 0x4EF, 0x3E2, 0x4F0, 0x3E5, 0x4F1, 0x3E8,
        0x4F2, 0x3EB, 0x4F3, 0x3EE, 0x4F4, 0x3F1, 0x4F5, 0x3F4,
        0x4F8, 0x3F7, 0x4F9, 0x3FA, 0x622, 0x3FD, 0x623, 0x400,
        0x624, 0x403, 0x625, 0x406, 0x626, 0x409, 0x6C0, 0x40C,
        0x6C2, 0x40F, 0x6D3, 0x412, 0x929, 0x415, 0x931, 0x418,
        0x934, 0x41B, 0x958, 0x41E, 0x959, 0x421, 0x95A, 0x424,
        0x95B, 0x427, 0x95C, 0x42A, 0x95D, 0x42D, 0x95E, 0x430,
        0x95F, 0x433, 0x9CB, 0x436, 0x9CC, 0x439, 0x9DC, 0x43C,
        0x9DD, 0x43F, 0x9DF, 0x442, 0xA33, 0x445, 0xA36, 0x448,
        0xA59, 0x44B, 0xA5A, 0x44E, 0xA5B, 0x451, 0xA5E, 0x454,
        0xB48, 0x457, 0xB4B, 0x45A, 0xB4C, 0x45D, 0xB5C, 0x460,
        0xB5D, 0x463, 0xB94, 0x466, 0xBCA, 0x469, 0xBCB, 0x46C,
        0xBCC, 0x46F, 0xC48, 0x472, 0xCC0, 0x475, 0xCC7, 0x478,
        0xCC8, 0x47B, 0xCCA, 0x47E, 0xCCB, 0x481, 0xD4A, 0x485,
        0xD4B, 0x488, 0xD4C, 0x48B, 0xDDA, 0x48E, 0xDDC, 0x491,
        0xDDD, 0x494, 0xDDE, 0x498, 0xF43, 0x49B, 0xF4D, 0x49E,
        0xF52, 0x4A1, 0xF57, 0x4A4, 0xF5C, 0x4A7, 0xF69, 0x4AA,
        0xF73, 0x4AD, 0xF75, 0x4B0, 0xF76, 0x4B3, 0xF78, 0x4B6,
        0xF81, 0x4B9, 0xF93, 0x4BC, 0xF9D, 0x4BF, 0xFA2, 0x4C2,
        0xFA7, 0x4C5, 0xFAC, 0x4C8, 0xFB9, 0x4CB, 0x1026, 0x4CE,
        0x1B06, 0x4D1, 0x1B08, 0x4D4, 0x1B0A, 0x4D7, 0x1B0C, 0x4DA,
        0x1B0E, 0x4DD, 0x1B12, 0x4E0, 0x1B3B, 0x4E3, 0x1B3D, 0x4E6,
        0x1B40, 0x4E9, 0x1B41, 0x4EC, 0x1B43, 0x4EF, 0x1E00, 0x4F2,
        0x1E01, 0x4F5, 0x1E02, 0x4F8, 0x1E03, 0x4FB, 0x1E04, 0x4FE,
        0x1E05, 0x501, 0x1E06, 0x504, 0x1E07, 0x507, 0x1E08, 0x50A,
        0x1E09, 0x50E, 0x1E0A, 0x512, 0x1E0B, 0x515, 0x1E0C, 0x518,
        0x1E0D, 0x51B, 0x1E0E, 0x51E, 0x1E0F, 0x521, 0x1E10, 0x524,
        0x1E11, 0x527, 0x1E12, 0x52A, 0x1E13, 0x52D, 0x1E14, 0x530,
        0x1E15, 0x534, 0x1E16, 0x538, 0x1E17, 0x53C, 0x1E18, 0x540,
        0x1E19, 0x543, 0x1E1A, 0x546, 0x1E1B, 0x549, 0x1E1C, 0x54C,
        0x1E1D, 0x550, 0x1E1E, 0x554, 0x1E1F, 0x557, 0x1E20, 0x55A,
        0x1E21, 0x55D, 0x1E22, 0x560, 0x1E23, 0x563, 0x1E24, 0x566,
        0x1E25, 0x569, 0x1E26, 0x56C, 0x1E27, 0x56F, 0x1E28, 0x572,
        0x1E29, 0x575, 0x1E2A, 0x578, 0x1E2B, 0x57B, 0x1E2C, 0x57E,
        0x1E2D, 0x581, 0x1E2E, 0x584, 0x1E2F, 0x588, 0x1E30, 0x58C,
        0x1E31, 0x58F, 0x1E32, 0x592, 0x1E33, 0x595, 0x1E34, 0x598,
        0x1E35, 0x59B, 0x1E36, 0x59E, 0x1E37, 0x5A1, 0x1E38, 0x5A4,
        0x1E39, 0x5A8, 0x1E3A, 0x5AC, 0x1E3B, 0x5AF, 0x1E3C, 0x5B2,
        0x1E3D, 0x5B5, 0x1E3E, 0x5B8, 0x1E3F, 0x5BB, 0x1E40, 0x5BE,
        0x1E41, 0x5C1, 0x1E42, 0x5C4, 0x1E43, 0x5C7, 0x1E44, 0x5CA,
        0x1E45, 0x5CD, 0x1E46, 0x5D0, 0x1E47, 0x5D3, 0x1E48, 0x5D6,
        0x1E49, 0x5D9, 0x1E4A, 0x5DC, 0x1E4B, 0x5DF, 0x1E4C, 0x5E2,
        0x1E4D, 0x5E6, 0x1E4E, 0x5EA, 0x1E4F, 0x5EE, 0x1E50, 0x5F2,
        0x1E51, 0x5F6, 0x1E52, 0x5FA, 0x1E53, 0x5FE, 0x1E54, 0x602,
        0x1E55, 0x605, 0x1E56, 0x608, 0x1E57, 0x60B, 0x1E58, 0x60E,
        0x1E59, 0x611, 0x1E5A, 0x614, 0x1E5B, 0x617, 0x1E5C, 0x61A,
        0x1E5D, 0x61E, 0x1E5E, 0x622, 0x1E5F, 0x625, 0x1E60, 0x628,
        0x1E61, 0x62B, 0x1E62, 0x62E, 0x1E63, 0x631, 0x1E64, 0x634,
        0x1E65, 0x638, 0x1E66, 0x63C, 0x1E67, 0x640, 0x1E68, 0x644,
        0x1E69, 0x648, 0x1E6A, 0x64C, 0x1E6B, 0x64F, 0x1E6C, 0x652,
        0x1E6D, 0x655, 0x1E6E, 0x658, 0x1E6F, 0x65B, 0x1E70, 0x65E,
        0x1E71, 0x661, 0x1E72, 0x664, 0x1E73, 0x667, 0x1E74, 0x66A,
        0x1E75, 0x66D, 0x1E76, 0x670, 0x1E77, 0x673, 0x1E78, 0x676,
        0x1E79, 0x67A, 0x1E7A, 0x67E, 0x1E7B, 0x682, 0x1E7C, 0x686,
        0x1E7D, 0x689, 0x1E7E, 0x68C, 0x1E7F, 0x68F, 0x1E80, 0x692,
        0x1E81, 0x695, 0x1E82, 0x698, 0x1E83, 0x69B, 0x1E84, 0x69E,
        0x1E85, 0x6A1, 0x1E86, 0x6A4, 0x1E87, 0x6A7, 0x1E88, 0x6AA,
        0x1E89, 0x6AD, 0x1E8A, 0x6B0, 0x1E8B, 0x6B3, 0x1E8C, 0x6B6,
        0x1E8D, 0x6B9, 0x1E8E, 0x6BC, 0x1E8F, 0x6BF, 0x1E90, 0x6C2,
        0x1E91, 0x6C5, 0x1E92, 0x6C8, 0x1E93, 0x6CB, 0x1E94, 0x6CE,
        0x1E95, 0x6D1, 0x1E96, 0x6D4, 0x1E97, 0x6D7, 0x1E98, 0x6DA,
        0x1E99, 0x6DD, 0x1E9B, 0x6E0, 0x1EA0, 0x6E3, 0x1EA1, 0x6E6,
        0x1EA2, 0x6E9, 0x1EA3, 0x6EC, 0x1EA4, 0x6EF, 0x1EA5, 0x6F3,
        0x1EA6, 0x6F7, 0x1EA7, 0x6FB, 0x1EA8, 0x6FF, 0x1EA9, 0x703,
        0x1EAA, 0x707, 0x1EAB, 0x70B, 0x1EAC, 0x70F, 0x1EAD, 0x713,
        0x1EAE, 0x717, 0x1EAF, 0x71B, 0x1EB0, 0x71F, 0x1EB1, 0x723,
        0x1EB2, 0x727, 0x1EB3, 0x72B, 0x1EB4, 0x72F, 0x1EB5, 0x733,
        0x1EB6, 0x737, 0x1EB7, 0x73B, 0x1EB8, 0x73F, 0x1EB9, 0x742,
        0x1EBA, 0x745, 0x1EBB, 0x748, 0x1EBC, 0x74B, 0x1EBD, 0x74E,
        0x1EBE, 0x751, 0x1EBF, 0x755, 0x1EC0, 0x759, 0x1EC1, 0x75D,
        0x1EC2, 0x761, 0x1EC3, 0x765, 0x1EC4, 0x769, 0x1EC5, 0x76D,
        0x1EC6, 0x771, 0x1EC7, 0x775, 0x1EC8, 0x779, 0x1EC9, 0x77C,
        0x1ECA, 0x77F, 0x1ECB, 0x782, 0x1ECC, 0x785, 0x1ECD, 0x788,
        0x1ECE, 0x78B, 0x1ECF, 0x78E, 0x1ED0, 0x791, 0x1ED1, 0x795,
        0x1ED2, 0x799, 0x1ED3, 0x79D, 0x1ED4, 0x7A1, 0x1ED5, 0x7A5,
        0x1ED6, 0x7A9, 0x1ED7, 0x7AD, 0x1ED8, 0x7B1, 0x1ED9, 0x7B5,
        0x1EDA, 0x7B9, 0x1EDB, 0x7BD, 0x1EDC, 0x7C1, 0x1EDD, 0x7C5,
        0x1EDE, 0x7C9, 0x1EDF, 0x7CD, 0x1EE0, 0x7D1, 0x1EE1, 0x7D5,
        0x1EE2, 0x7D9, 0x1EE3, 0x7DD, 0x1EE4, 0x7E1, 0x1EE5, 0x7E4,
        0x1EE6, 0x7E7, 0x1EE7, 0x7EA, 0x1EE8, 0x7ED, 0x1EE9, 0x7F1,
        0x1EEA, 0x7F5, 0x1EEB, 0x7F9, 0x1EEC, 0x7FD, 0x1EED, 0x801,
        0x1EEE, 0x805, 0x1EEF, 0x809, 0x1EF0, 0x80D, 0x1EF1, 0x811,
        0x1EF2, 0x815, 0x1EF3, 0x818, 0x1EF4, 0x81B, 0x1EF5, 0x81E,
        0x1EF6, 0x821, 0x1EF7, 0x824, 0x1EF8, 0x827, 0x1EF9, 0x82A,
        0x1F00, 0x82D, 0x1F01, 0x830, 0x1F02, 0x833, 0x1F03, 0x837,
        0x1F04, 0x83B, 0x1F05, 0x83F, 0x1F06, 0x843, 0x1F07, 0x847,
        0x1F08, 0x84B, 0x1F09, 0x84E, 0x1F0A, 0x851, 0x1F0B, 0x855,
        0x1F0C, 0x859, 0x1F0D, 0x85D, 0x1F0E, 0x861, 0x1F0F, 0x865,
        0x1F10, 0x869, 0x1F11, 0x86C, 0x1F12, 0x86F, 0x1F13, 0x873,
        0x1F14, 0x877, 0x1F15, 0x87B, 0x1F18, 0x87F, 0x1F19, 0x882,
        0x1F1A, 0x885, 0x1F1B, 0x889, 0x1F1C, 0x88D, 0x1F1D, 0x891,
        0x1F20, 0x895, 0x1F21, 0x898, 0x1F22, 0x89B, 0x1F23, 0x89F,
        0x1F24, 0x8A3, 0x1F25, 0x8A7, 0x1F26, 0x8AB, 0x1F27, 0x8AF,
        0x1F28, 0x8B3, 0x1F29, 0x8B6, 0x1F2A, 0x8B9, 0x1F2B, 0x8BD,
        0x1F2C, 0x8C1, 0x1F2D, 0x8C5, 0x1F2E, 0x8C9, 0x1F2F, 0x8CD,
        0x1F30, 0x8D1, 0x1F31, 0x8D4, 0x1F32, 0x8D7, 0x1F33, 0x8DB,
        0x1F34, 0x8DF, 0x1F35, 0x8E3, 0x1F36, 0x8E7, 0x1F37, 0x8EB,
        0x1F38, 0x8EF, 0x1F39, 0x8F2, 0x1F3A, 0x8F5, 0x1F3B, 0x8F9,
        0x1F3C, 0x8FD, 0x1F3D, 0x901, 0x1F3E, 0x905, 0x1F3F, 0x909,
        0x1F40, 0x90D, 0x1F41, 0x910, 0x1F42, 0x913, 0x1F43, 0x917,
        0x1F44, 0x91B, 0x1F45, 0x91F, 0x1F48, 0x923, 0x1F49, 0x926,
        0x1F4A, 0x929, 0x1F4B, 0x92D, 0x1F4C, 0x931, 0x1F4D, 0x935,
        0x1F50, 0x939, 0x1F51, 0x93C, 0x1F52, 0x93F, 0x1F53, 0x943,
        0x1F54, 0x947, 0x1F55, 0x94B, 0x1F56, 0x94F, 0x1F57, 0x953,
        0x1F59, 0x957, 0x1F5B, 0x95A, 0x1F5D, 0x95E, 0x1F5F, 0x962,
        0x1F60, 0x966, 0x1F61, 0x969, 0x1F62, 0x96C, 0x1F63, 0x970,
        0x1F64, 0x974, 0x1F65, 0x978, 0x1F66, 0x97C, 0x1F67, 0x980,
        0x1F68, 0x984, 0x1F69, 0x987, 0x1F6A, 0x98A, 0x1F6B, 0x98E,
        0x1F6C, 0x992, 0x1F6D, 0x996, 0x1F6E, 0x99A, 0x1F6F, 0x99E,
        0x1F70, 0x9A2, 0x1F71, 0x9A5, 0x1F72, 0x9A8, 0x1F73, 0x9AB,
        0x1F74, 0x9AE, 0x1F75, 0x9B1, 0x1F76, 0x9B4, 0x1F77, 0x9B7,
        0x1F78, 0x9BA, 0x1F79, 0x9BD, 0x1F7A, 0x9C0, 0x1F7B, 0x9C3,
        0x1F7C, 0x9C6, 0x1F7D, 0x9C9, 0x1F80, 0x9CC, 0x1F81, 0x9D0,
        0x1F82, 0x9D4, 0x1F83, 0x9D9, 0x1F84, 0x9DE, 0x1F85, 0x9E3,
        0x1F86, 0x9E8, 0x1F87, 0x9ED, 0x1F88, 0x9F2, 0x1F89, 0x9F6,
        0x1F8A, 0x9FA, 0x1F8B, 0x9FF, 0x1F8C, 0xA04, 0x1F8D, 0xA09,
        0x1F8E, 0xA0E, 0x1F8F, 0xA13, 0x1F90, 0xA18, 0x1F91, 0xA1C,
        0x1F92, 0xA20, 0x1F93, 0xA25, 0x1F94, 0xA2A, 0x1F95, 0xA2F,
        0x1F96, 0xA34, 0x1F97, 0xA39, 0x1F98, 0xA3E, 0x1F99, 0xA42,
        0x1F9A, 0xA46, 0x1F9B, 0xA4B, 0x1F9C, 0xA50, 0x1F9D, 0xA55,
        0x1F9E, 0xA5A, 0x1F9F, 0xA5F, 0x1FA0, 0xA64, 0x1FA1, 0xA68,
        0x1FA2, 0xA6C, 0x1FA3, 0xA71, 0x1FA4, 0xA76, 0x1FA5, 0xA7B,
        0x1FA6, 0xA80, 0x1FA7, 0xA85, 0x1FA8, 0xA8A, 0x1FA9, 0xA8E,
        0x1FAA, 0xA92, 0x1FAB, 0xA97, 0x1FAC, 0xA9C, 0x1FAD, 0xAA1,
        0x1FAE, 0xAA6, 0x1FAF, 0xAAB, 0x1FB0, 0xAB0, 0x1FB1, 0xAB3,
        0x1FB2, 0xAB6, 0x1FB3, 0xABA, 0x1FB4, 0xABD, 0x1FB6, 0xAC1,
        0x1FB7, 0xAC4, 0x1FB8, 0xAC8, 0x1FB9, 0xACB, 0x1FBA, 0xACE,
        0x1FBB, 0xAD1, 0x1FBC, 0xAD4, 0x1FBE, 0xAD7, 0x1FC1, 0xAD9,
        0x1FC2, 0xADC, 0x1FC3, 0xAE0, 0x1FC4, 0xAE3, 0x1FC6, 0xAE7,
        0x1FC7, 0xAEA, 0x1FC8, 0xAEE, 0x1FC9, 0xAF1, 0x1FCA, 0xAF4,
        0x1FCB, 0xAF7, 0x1FCC, 0xAFA, 0x1FCD, 0xAFD, 0x1FCE, 0xB00,
        0x1FCF, 0xB03, 0x1FD0, 0xB06, 0x1FD1, 0xB09, 0x1FD2, 0xB0C,
        0x1FD3, 0xB10, 0x1FD6, 0xB14, 0x1FD7, 0xB17, 0x1FD8, 0xB1B,
        0x1FD9, 0xB1E, 0x1FDA, 0xB21, 0x1FDB, 0xB24, 0x1FDD, 0xB27,
        0x1FDE, 0xB2A, 0x1FDF, 0xB2D, 0x1FE0, 0xB30, 0x1FE1, 0xB33,
        0x1FE2, 0xB36, 0x1FE3, 0xB3A, 0x1FE4, 0xB3E, 0x1FE5, 0xB41,
        0x1FE6, 0xB44, 0x1FE7, 0xB47, 0x1FE8, 0xB4B, 0x1FE9, 0xB4E,
        0x1FEA, 0xB51, 0x1FEB, 0xB54, 0x1FEC, 0xB57, 0x1FED, 0xB5A,
        0x1FEE, 0xB5D, 0x1FEF, 0xB60, 0x1FF2, 0xB62, 0x1FF3, 0xB66,
        0x1FF4, 0xB69, 0x1FF6, 0xB6D, 0x1FF7, 0xB70, 0x1FF8, 0xB74,
        0x1FF9, 0xB77, 0x1FFA, 0xB7A, 0x1FFB, 0xB7D, 0x1FFC, 0xB80,
        0x1FFD, 0xB83, 0x2000, 0xB85, 0x2001, 0xB87, 0x2126, 0xB89,
        0x212A, 0xB8B, 0x212B, 0xB8D, 0x219A, 0xB90, 0x219B, 0xB93,
        0x21AE, 0xB96, 0x21CD, 0xB99, 0x21CE, 0xB9C, 0x21CF, 0xB9F,
        0x2204, 0xBA2, 0x2209, 0xBA5, 0x220C, 0xBA8, 0x2224, 0xBAB,
        0x2226, 0xBAE, 0x2241, 0xBB1, 0x2244, 0xBB4, 0x2247, 0xBB7,
        0x2249, 0xBBA, 0x2260, 0xBBD, 0x2262, 0xBC0, 0x226D, 0xBC3,
        0x226E, 0xBC6, 0x226F, 0xBC9, 0x2270, 0xBCC, 0x2271, 0xBCF,
        0x2274, 0xBD2, 0x2275, 0xBD5, 0x2278, 0xBD8, 0x2279, 0xBDB,
        0x2280, 0xBDE, 0x2281, 0xBE1, 0x2284, 0xBE4, 0x2285, 0xBE7,
        0x2288, 0xBEA, 0x2289, 0xBED, 0x22AC, 0xBF0, 0x22AD, 0xBF3,
        0x22AE, 0xBF6, 0x22AF, 0xBF9, 0x22E0, 0xBFC, 0x22E1, 0xBFF,
        0x22E2, 0xC02, 0x22E3, 0xC05, 0x22EA, 0xC08, 0x22EB, 0xC0B,
        0x22EC, 0xC0E, 0x22ED, 0xC11, 0x2329, 0xC14, 0x232A, 0xC16,
        0x2ADC, 0xC18, 0x304C, 0xC1B, 0x304E, 0xC1E, 0x3050, 0xC21,
        0x3052, 0xC24, 0x3054, 0xC27, 0x3056, 0xC2A, 0x3058, 0xC2D,
        0x305A, 0xC30, 0x305C, 0xC33, 0x305E, 0xC36, 0x3060, 0xC39,
        0x3062, 0xC3C, 0x3065, 0xC3F, 0x3067, 0xC42, 0x3069, 0xC45,
        0x3070, 0xC48, 0x3071, 0xC4B, 0x3073, 0xC4E, 0x3074, 0xC51,
        0x3076, 0xC54, 0x3077, 0xC57, 0x3079, 0xC5A, 0x307A, 0xC5D,
        0x307C, 0xC60, 0x307D, 0xC63, 0x3094, 0xC66, 0x309E, 0xC69,
        0x30AC, 0xC6C, 0x30AE, 0xC6F, 0x30B0, 0xC72, 0x30B2, 0xC75,
        0x30B4, 0xC78, 0x30B6, 0xC7B, 0x30B8, 0xC7E, 0x30BA, 0xC81,
        0x30BC, 0xC84, 0x30BE, 0xC87, 0x30C0, 0xC8A, 0x30C2, 0xC8D,
        0x30C5, 0xC90, 0x30C7, 0xC93, 0x30C9, 0xC96, 0x30D0, 0xC99,
        0x30D1, 0xC9C, 0x30D3, 0xC9F, 0x30D4, 0xCA2, 0x30D6, 0xCA5,
        0x30D7, 0xCA8, 0x30D9, 0xCAB, 0x30DA, 0xCAE, 0x30DC, 0xCB1,
        0x30DD, 0xCB4, 0x30F4, 0xCB7, 0x30F7, 0xCBA, 0x30F8, 0xCBD,
        0x30F9, 0xCC0, 0x30FA, 0xCC3, 0x30FE, 0xCC6, 0xF900, 0xCC9,
        0xF901, 0xCCB, 0xF902, 0xCCD, 0xF903, 0xCCF, 0xF904, 0xCD1,
        0xF905, 0xCD3, 0xF906, 0xCD5, 0xF907, 0xCD7, 0xF908, 0xCD9,
        0xF909, 0xCDB, 0xF90A, 0xCDD, 0xF90B, 0xCDF, 0xF90C, 0xCE1,
        0xF90D, 0xCE3, 0xF90E, 0xCE5, 0xF90F, 0xCE7, 0xF910, 0xCE9,
        0xF911, 0xCEB, 0xF912, 0xCED, 0xF913, 0xCEF, 0xF914, 0xCF1,
        0xF915, 0xCF3, 0xF916, 0xCF5, 0xF917, 0xCF7, 0xF918, 0xCF9,
        0xF919, 0xCFB, 0xF91A, 0xCFD, 0xF91B, 0xCFF, 0xF91C, 0xD01,
        0xF91D, 0xD03, 0xF91E, 0xD05, 0xF91F, 0xD07, 0xF920, 0xD09,
        0xF921, 0xD0B, 0xF922, 0xD0D, 0xF923, 0xD0F, 0xF924, 0xD11,
        0xF925, 0xD13, 0xF926, 0xD15, 0xF927, 0xD17, 0xF928, 0xD19,
        0xF929, 0xD1B, 0xF92A, 0xD1D, 0xF92B, 0xD1F, 0xF92C, 0xD21,
        0xF92D, 0xD23, 0xF92E, 0xD25, 0xF92F, 0xD27, 0xF930, 0xD29,
        0xF931, 0xD2B, 0xF932, 0xD2D, 0xF933, 0xD2F, 0xF934, 0xD31,
        0xF935, 0xD33, 0xF936, 0xD35, 0xF937, 0xD37, 0xF938, 0xD39,
        0xF939, 0xD3B, 0xF93A, 0xD3D, 0xF93B, 0xD3F, 0xF93C, 0xD41,
        0xF93D, 0xD43, 0xF93E, 0xD45, 0xF93F, 0xD47, 0xF940, 0xD49,
        0xF941, 0xD4B, 0xF942, 0xD4D, 0xF943, 0xD4F, 0xF944, 0xD51,
        0xF945, 0xD53, 0xF946, 0xD55, 0xF947, 0xD57, 0xF948, 0xD59,
        0xF949, 0xD5B, 0xF94A, 0xD5D, 0xF94B, 0xD5F, 0xF94C, 0xD61,
        0xF94D, 0xD63, 0xF94E, 0xD65, 0xF94F, 0xD67, 0xF950, 0xD69,
        0xF951, 0xD6B, 0xF952, 0xD6D, 0xF953, 0xD6F, 0xF954, 0xD71,
        0xF955, 0xD73, 0xF956, 0xD75, 0xF957, 0xD77, 0xF958, 0xD79,
        0xF959, 0xD7B, 0xF95A, 0xD7D, 0xF95B, 0xD7F, 0xF95C, 0xD81,
        0xF95D, 0xD83, 0xF95E, 0xD85, 0xF95F, 0xD87, 0xF960, 0xD89,
        0xF961, 0xD8B, 0xF962, 0xD8D, 0xF963, 0xD8F, 0xF964, 0xD91,
        0xF965, 0xD93, 0xF966, 0xD95, 0xF967, 0xD97, 0xF968, 0xD99,
        0xF969, 0xD9B, 0xF96A, 0xD9D, 0xF96B, 0xD9F, 0xF96C, 0xDA1,
        0xF96D, 0xDA3, 0xF96E, 0xDA5, 0xF96F, 0xDA7, 0xF970, 0xDA9,
        0xF971, 0xDAB, 0xF972, 0xDAD, 0xF973, 0xDAF, 0xF974, 0xDB1,
        0xF975, 0xDB3, 0xF976, 0xDB5, 0xF977, 0xDB7, 0xF978, 0xDB9,
        0xF979, 0xDBB, 0xF97A, 0xDBD, 0xF97B, 0xDBF, 0xF97C, 0xDC1,
        0xF97D, 0xDC3, 0xF97E, 0xDC5, 0xF97F, 0xDC7, 0xF980, 0xDC9,
        0xF981, 0xDCB, 0xF982, 0xDCD, 0xF983, 0xDCF, 0xF984, 0xDD1,
        0xF985, 0xDD3, 0xF986, 0xDD5, 0xF987, 0xDD7, 0xF988, 0xDD9,
        0xF989, 0xDDB, 0xF98A, 0xDDD, 0xF98B, 0xDDF, 0xF98C, 0xDE1,
        0xF98D, 0xDE3, 0xF98E, 0xDE5, 0xF98F, 0xDE7, 0xF990, 0xDE9,
        0xF991, 0xDEB, 0xF992, 0xDED, 0xF993, 0xDEF, 0xF994, 0xDF1,
        0xF995, 0xDF3, 0xF996, 0xDF5, 0xF997, 0xDF7, 0xF998, 0xDF9,
        0xF999, 0xDFB, 0xF99A, 0xDFD, 0xF99B, 0xDFF, 0xF99C, 0xE01,
        0xF99D, 0xE03, 0xF99E, 0xE05, 0xF99F, 0xE07, 0xF9A0, 0xE09,
        0xF9A1, 0xE0B, 0xF9A2, 0xE0D, 0xF9A3, 0xE0F, 0xF9A4, 0xE11,
        0xF9A5, 0xE13, 0xF9A6, 0xE15, 0xF9A7, 0xE17, 0xF9A8, 0xE19,
        0xF9A9, 0xE1B, 0xF9AA, 0xE1D, 0xF9AB, 0xE1F, 0xF9AC, 0xE21,
        0xF9AD, 0xE23, 0xF9AE, 0xE25, 0xF9AF, 0xE27, 0xF9B0, 0xE29,
        0xF9B1, 0xE2B, 0xF9B2, 0xE2D, 0xF9B3, 0xE2F, 0xF9B4, 0xE31,
        0xF9B5, 0xE33, 0xF9B6, 0xE35, 0xF9B7, 0xE37, 0xF9B8, 0xE39,
        0xF9B9, 0xE3B, 0xF9BA, 0xE3D, 0xF9BB, 0xE3F, 0xF9BC, 0xE41,
        0xF9BD, 0xE43, 0xF9BE, 0xE45, 0xF9BF, 0xE47, 0xF9C0, 0xE49,
        0xF9C1, 0xE4B, 0xF9C2, 0xE4D, 0xF9C3, 0xE4F, 0xF9C4, 0xE51,
        0xF9C5, 0xE53, 0xF9C6, 0xE55, 0xF9C7, 0xE57, 0xF9C8, 0xE59,
        0xF9C9, 0xE5B, 0xF9CA, 0xE5D, 0xF9CB, 0xE5F, 0xF9CC, 0xE61,
        0xF9CD, 0xE63, 0xF9CE, 0xE65, 0xF9CF, 0xE67, 0xF9D0, 0xE69,
        0xF9D1, 0xE6B, 0xF9D2, 0xE6D, 0xF9D3, 0xE6F, 0xF9D4, 0xE71,
        0xF9D5, 0xE73, 0xF9D6, 0xE75, 0xF9D7, 0xE77, 0xF9D8, 0xE79,
        0xF9D9, 0xE7B, 0xF9DA, 0xE7D, 0xF9DB, 0xE7F, 0xF9DC, 0xE81,
        0xF9DD, 0xE83, 0xF9DE, 0xE85, 0xF9DF, 0xE87, 0xF9E0, 0xE89,
        0xF9E1, 0xE8B, 0xF9E2, 0xE8D, 0xF9E3, 0xE8F, 0xF9E4, 0xE91,
        0xF9E5, 0xE93, 0xF9E6, 0xE95, 0xF9E7, 0xE97, 0xF9E8, 0xE99,
        0xF9E9, 0xE9B, 0xF9EA, 0xE9D, 0xF9EB, 0xE9F, 0xF9EC, 0xEA1,
        0xF9ED, 0xEA3, 0xF9EE, 0xEA5, 0xF9EF, 0xEA7, 0xF9F0, 0xEA9,
        0xF9F1, 0xEAB, 0xF9F2, 0xEAD, 0xF9F3, 0xEAF, 0xF9F4, 0xEB1,
        0xF9F5, 0xEB3, 0xF9F6, 0xEB5, 0xF9F7, 0xEB7, 0xF9F8, 0xEB9,
        0xF9F9, 0xEBB, 0xF9FA, 0xEBD, 0xF9FB, 0xEBF, 0xF9FC, 0xEC1,
        0xF9FD, 0xEC3, 0xF9FE, 0xEC5, 0xF9FF, 0xEC7, 0xFA00, 0xEC9,
        0xFA01, 0xECB, 0xFA02, 0xECD, 0xFA03, 0xECF, 0xFA04, 0xED1,
        0xFA05, 0xED3, 0xFA06, 0xED5, 0xFA07, 0xED7, 0xFA08, 0xED9,
        0xFA09, 0xEDB, 0xFA0A, 0xEDD, 0xFA0B, 0xEDF, 0xFA0C, 0xEE1,
        0xFA0D, 0xEE3, 0xFA10, 0xEE5, 0xFA12, 0xEE7, 0xFA15, 0xEE9,
        0xFA16, 0xEEB, 0xFA17, 0xEED, 0xFA18, 0xEEF, 0xFA19, 0xEF1,
        0xFA1A, 0xEF3, 0xFA1B, 0xEF5, 0xFA1C, 0xEF7, 0xFA1D, 0xEF9,
        0xFA1E, 0xEFB, 0xFA20, 0xEFD, 0xFA22, 0xEFF, 0xFA25, 0xF01,
        0xFA26, 0xF03, 0xFA2A, 0xF05, 0xFA2B, 0xF07, 0xFA2C, 0xF09,
        0xFA2D, 0xF0B, 0xFA2E, 0xF0D, 0xFA2F, 0xF0F, 0xFA30, 0xF11,
        0xFA31, 0xF13, 0xFA32, 0xF15, 0xFA33, 0xF17, 0xFA34, 0xF19,
        0xFA35, 0xF1B, 0xFA36, 0xF1D, 0xFA37, 0xF1F, 0xFA38, 0xF21,
        0xFA39, 0xF23, 0xFA3A, 0xF25, 0xFA3B, 0xF27, 0xFA3C, 0xF29,
        0xFA3D, 0xF2B, 0xFA3E, 0xF2D, 0xFA3F, 0xF2F, 0xFA40, 0xF31,
        0xFA41, 0xF33, 0xFA42, 0xF35, 0xFA43, 0xF37, 0xFA44, 0xF39,
        0xFA45, 0xF3B, 0xFA46, 0xF3D, 0xFA47, 0xF3F, 0xFA48, 0xF41,
        0xFA49, 0xF43, 0xFA4A, 0xF45, 0xFA4B, 0xF47, 0xFA4C, 0xF49,
        0xFA4D, 0xF4B, 0xFA4E, 0xF4D, 0xFA4F, 0xF4F, 0xFA50, 0xF51,
        0xFA51, 0xF53, 0xFA52, 0xF55, 0xFA53, 0xF57, 0xFA54, 0xF59,
        0xFA55, 0xF5B, 0xFA56, 0xF5D, 0xFA57, 0xF5F, 0xFA58, 0xF61,
        0xFA59, 0xF63, 0xFA5A, 0xF65, 0xFA5B, 0xF67, 0xFA5C, 0xF69,
        0xFA5D, 0xF6B, 0xFA5E, 0xF6D, 0xFA5F, 0xF6F, 0xFA60, 0xF71,
        0xFA61, 0xF73, 0xFA62, 0xF75, 0xFA63, 0xF77, 0xFA64, 0xF79,
        0xFA65, 0xF7B, 0xFA66, 0xF7D, 0xFA67, 0xF7F, 0xFA68, 0xF81,
        0xFA69, 0xF83, 0xFA6A, 0xF85, 0xFA6B, 0xF87, 0xFA6C, 0xF89,
        0xFA6D, 0xF8B, 0xFA70, 0xF8D, 0xFA71, 0xF8F, 0xFA72, 0xF91,
        0xFA73, 0xF93, 0xFA74, 0xF95, 0xFA75, 0xF97, 0xFA76, 0xF99,
        0xFA77, 0xF9B, 0xFA78, 0xF9D, 0xFA79, 0xF9F, 0xFA7A, 0xFA1,
        0xFA7B, 0xFA3, 0xFA7C, 0xFA5, 0xFA7D, 0xFA7, 0xFA7E, 0xFA9,
        0xFA7F, 0xFAB, 0xFA80, 0xFAD, 0xFA81, 0xFAF, 0xFA82, 0xFB1,
        0xFA83, 0xFB3, 0xFA84, 0xFB5, 0xFA85, 0xFB7, 0xFA86, 0xFB9,
        0xFA87, 0xFBB, 0xFA88, 0xFBD, 0xFA89, 0xFBF, 0xFA8A, 0xFC1,
        0xFA8B, 0xFC3, 0xFA8C, 0xFC5, 0xFA8D, 0xFC7, 0xFA8E, 0xFC9,
        0xFA8F, 0xFCB, 0xFA90, 0xFCD, 0xFA91, 0xFCF, 0xFA92, 0xFD1,
        0xFA93, 0xFD3, 0xFA94, 0xFD5, 0xFA95, 0xFD7, 0xFA96, 0xFD9,
        0xFA97, 0xFDB, 0xFA98, 0xFDD, 0xFA99, 0xFDF, 0xFA9A, 0xFE1,
        0xFA9B, 0xFE3, 0xFA9C, 0xFE5, 0xFA9D, 0xFE7, 0xFA9E, 0xFE9,
        0xFA9F, 0xFEB, 0xFAA0, 0xFED, 0xFAA1, 0xFEF, 0xFAA2, 0xFF1,
        0xFAA3, 0xFF3, 0xFAA4, 0xFF5, 0xFAA5, 0xFF7, 0xFAA6, 0xFF9,
        0xFAA7, 0xFFB, 0xFAA8, 0xFFD, 0xFAA9, 0xFFF, 0xFAAA, 0x1001,
        0xFAAB, 0x1003, 0xFAAC, 0x1005, 0xFAAD, 0x1007, 0xFAAE, 0x1009,
        0xFAAF, 0x100B, 0xFAB0, 0x100D, 0xFAB1, 0x100F, 0xFAB2, 0x1011,
        0xFAB3, 0x1013, 0xFAB4, 0x1015, 0xFAB5, 0x1017, 0xFAB6, 0x1019,
        0xFAB7, 0x101B, 0xFAB8, 0x101D, 0xFAB9, 0x101F, 0xFABA, 0x1021,
        0xFABB, 0x1023, 0xFABC, 0x1025, 0xFABD, 0x1027, 0xFABE, 0x1029,
        0xFABF, 0x102B, 0xFAC0, 0x102D, 0xFAC1, 0x102F, 0xFAC2, 0x1031,
        0xFAC3, 0x1033, 0xFAC4, 0x1035, 0xFAC5, 0x1037, 0xFAC6, 0x1039,
        0xFAC7, 0x103B, 0xFAC8, 0x103D, 0xFAC9, 0x103F, 0xFACA, 0x1041,
        0xFACB, 0x1043, 0xFACC, 0x1045, 0xFACD, 0x1047, 0xFACE, 0x1049,
        0xFACF, 0x104B, 0xFAD0, 0x104D, 0xFAD1, 0x104F, 0xFAD2, 0x1051,
        0xFAD3, 0x1053, 0xFAD4, 0x1055, 0xFAD5, 0x1057, 0xFAD6, 0x1059,
        0xFAD7, 0x105B, 0xFAD8, 0x105D, 0xFAD9, 0x105F, 0xFB1D, 0x1061,
        0xFB1F, 0x1064, 0xFB2A, 0x1067, 0xFB2B, 0x106A, 0xFB2C, 0x106D,
        0xFB2D, 0x1071, 0xFB2E, 0x1075, 0xFB2F, 0x1078, 0xFB30, 0x107B,
        0xFB31, 0x107E, 0xFB32, 0x1081, 0xFB33, 0x1084, 0xFB34, 0x1087,
        0xFB35, 0x108A, 0xFB36, 0x108D, 0xFB38, 0x1090, 0xFB39, 0x1093,
        0xFB3A, 0x1096, 0xFB3B, 0x1099, 0xFB3C, 0x109C, 0xFB3E, 0x109F,
        0xFB40, 0x10A2, 0xFB41, 0x10A5, 0xFB43, 0x10A8, 0xFB44, 0x10AB,
        0xFB46, 0x10AE, 0xFB47, 0x10B1, 0xFB48, 0x10B4, 0xFB49, 0x10B7,
        0xFB4A, 0x10BA, 0xFB4B, 0x10BD, 0xFB4C, 0x10C0, 0xFB4D, 0x10C3,
        0xFB4E, 0x10C6, 0x105C9, 0x10C9, 0x105E4, 0x10CC, 0x1109A, 0x10CF,
        0x1109C, 0x10D2, 0x110AB, 0x10D5, 0x1112E, 0x10D8, 0x1112F, 0x10DB,
        0x1134B, 0x10DE, 0x1134C, 0x10E1, 0x11383, 0x10E4, 0x11385, 0x10E7,
        0x1138E, 0x10EA, 0x11391, 0x10ED, 0x113C5, 0x10F0, 0x113C7, 0x10F3,
        0x113C8, 0x10F6, 0x114BB, 0x10F9, 0x114BC, 0x10FC, 0x114BE, 0x10FF,
        0x115BA, 0x1102, 0x115BB, 0x1105, 0x11938, 0x1108, 0x16121, 0x110B,
        0x16122, 0x110E, 0x16123, 0x1111, 0x16124, 0x1114, 0x16125, 0x1117,
        0x16126, 0x111A, 0x16127, 0x111E, 0x16128, 0x1122, 0x16D68, 0x1126,
        0x16D69, 0x1129, 0x16D6A, 0x112C, 0x1D15E, 0x1130, 0x1D15F, 0x1133,
        0x1D160, 0x1136, 0x1D161, 0x113A, 0x1D162, 0x113E, 0x1D163, 0x1142,
        0x1D164, 0x1146, 0x1D1BB, 0x114A, 0x1D1BC, 0x114D, 0x1D1BD, 0x1150,
        0x1D1BE, 0x1154, 0x1D1BF, 0x1158, 0x1D1C0, 0x115C, 0x2F800, 0x1160,
        0x2F801, 0x1162, 0x2F802, 0x1164, 0x2F803, 0x1166, 0x2F804, 0x1168,
        0x2F805, 0x116A, 0x2F806, 0x116C, 0x2F807, 0x116E, 0x2F808, 0x1170,
        0x2F809, 0x1172, 0x2F80A, 0x1174, 0x2F80B, 0x1176, 0x2F80C, 0x1178,
        0x2F80D, 0x117A, 0x2F80E, 0x117C, 0x2F80F, 0x117E, 0x2F810, 0x1180,
        0x2F811, 0x1182, 0x2F812, 0x1184, 0x2F813, 0x1186, 0x2F814, 0x1188,
        0x2F815, 0x118A, 0x2F816, 0x118C, 0x2F817, 0x118E, 0x2F818, 0x1190,
        0x2F819, 0x1192, 0x2F81A, 0x1194, 0x2F81B, 0x1196, 0x2F81C, 0x1198,
        0x2F81D, 0x119A, 0x2F81E, 0x119C, 0x2F81F, 0x119E, 0x2F820, 0x11A0,
        0x2F821, 0x11A2, 0x2F822, 0x11A4, 0x2F823, 0x11A6, 0x2F824, 0x11A8,
        0x2F825, 0x11AA, 0x2F826, 0x11AC, 0x2F827, 0x11AE, 0x2F828, 0x11B0,
        0x2F829, 0x11B2, 0x2F82A, 0x11B4, 0x2F82B, 0x11B6, 0x2F82C, 0x11B8,
        0x2F82D, 0x11BA, 0x2F82E, 0x11BC, 0x2F82F, 0x11BE, 0x2F830, 0x11C0,
        0x2F831, 0x11C2, 0x2F832, 0x11C4, 0x2F833, 0x11C6, 0x2F834, 0x11C8,
        0x2F835, 0x11CA, 0x2F836, 0x11CC, 0x2F837, 0x11CE, 0x2F838, 0x11D0,
        0x2F839, 0x11D2, 0x2F83A, 0x11D4, 0x2F83B, 0x11D6, 0x2F83C, 0x11D8,
        0x2F83D, 0x11DA, 0x2F83E, 0x11DC, 0x2F83F, 0x11DE, 0x2F840, 0x11E0,
        0x2F841, 0x11E2, 0x2F842, 0x11E4, 0x2F843, 0x11E6, 0x2F844, 0x11E8,
        0x2F845, 0x11EA, 0x2F846, 0x11EC, 0x2F847, 0x11EE, 0x2F848, 0x11F0,
        0x2F849, 0x11F2, 0x2F84A, 0x11F4, 0x2F84B, 0x11F6, 0x2F84C, 0x11F8,
        0x2F84D, 0x11FA, 0x2F84E, 0x11FC, 0x2F84F, 0x11FE, 0x2F850, 0x1200,
        0x2F851, 0x1202, 0x2F852, 0x1204, 0x2F853, 0x1206, 0x2F854, 0x1208,
        0x2F855, 0x120A, 0x2F856, 0x120C, 0x2F857, 0x120E, 0x2F858, 0x1210,
        0x2F859, 0x1212, 0x2F85A, 0x1214, 0x2F85B, 0x1216, 0x2F85C, 0x1218,
        0x2F85D, 0x121A, 0x2F85E, 0x121C, 0x2F85F, 0x121E, 0x2F860, 0x1220,
        0x2F861, 0x1222, 0x2F862, 0x1224, 0x2F863, 0x1226, 0x2F864, 0x1228,
        0x2F865, 0x122A, 0x2F866, 0x122C, 0x2F867, 0x122E, 0x2F868, 0x1230,
        0x2F869, 0x1232, 0x2F86A, 0x1234, 0x2F86B, 0x1236, 0x2F86C, 0x1238,
        0x2F86D, 0x123A, 0x2F86E, 0x123C, 0x2F86F, 0x123E, 0x2F870, 0x1240,
        0x2F871, 0x1242, 0x2F872, 0x1244, 0x2F873, 0x1246, 0x2F874, 0x1248,
        0x2F875, 0x124A, 0x2F876, 0x124C, 0x2F877, 0x124E, 0x2F878, 0x1250,
        0x2F879, 0x1252, 0x2F87A, 0x1254, 0x2F87B, 0x1256, 0x2F87C, 0x1258,
        0x2F87D, 0x125A, 0x2F87E, 0x125C, 0x2F87F, 0x125E, 0x2F880, 0x1260,
        0x2F881, 0x1262, 0x2F882, 0x1264, 0x2F883, 0x1266, 0x2F884, 0x1268,
        0x2F885, 0x126A, 0x2F886, 0x126C, 0x2F887, 0x126E, 0x2F888, 0x1270,
        0x2F889, 0x1272, 0x2F88A, 0x1274, 0x2F88B, 0x1276, 0x2F88C, 0x1278,
        0x2F88D, 0x127A, 0x2F88E, 0x127C, 0x2F88F, 0x127E, 0x2F890, 0x1280,
        0x2F891, 0x1282, 0x2F892, 0x1284, 0x2F893, 0x1286, 0x2F894, 0x1288,
        0x2F895, 0x128A, 0x2F896, 0x128C, 0x2F897, 0x128E, 0x2F898, 0x1290,
        0x2F899, 0x1292, 0x2F89A, 0x1294, 0x2F89B, 0x1296, 0x2F89C, 0x1298,
        0x2F89D, 0x129A, 0x2F89E, 0x129C, 0x2F89F, 0x129E, 0x2F8A0, 0x12A0,
        0x2F8A1, 0x12A2, 0x2F8A2, 0x12A4, 0x2F8A3, 0x12A6, 0x2F8A4, 0x12A8,
        0x2F8A5, 0x12AA, 0x2F8A6, 0x12AC, 0x2F8A7, 0x12AE, 0x2F8A8, 0x12B0,
        0x2F8A9, 0x12B2, 0x2F8AA, 0x12B4, 0x2F8AB, 0x12B6, 0x2F8AC, 0x12B8,
        0x2F8AD, 0x12BA, 0x2F8AE, 0x12BC, 0x2F8AF, 0x12BE, 0x2F8B0, 0x12C0,
        0x2F8B1, 0x12C2, 0x2F8B2, 0x12C4, 0x2F8B3, 0x12C6, 0x2F8B4, 0x12C8,
        0x2F8B5, 0x12CA, 0x2F8B6, 0x12CC, 0x2F8B7, 0x12CE, 0x2F8B8, 0x12D0,
        0x2F8B9, 0x12D2, 0x2F8BA, 0x12D4, 0x2F8BB, 0x12D6, 0x2F8BC, 0x12D8,
        0x2F8BD, 0x12DA, 0x2F8BE, 0x12DC, 0x2F8BF, 0x12DE, 0x2F8C0, 0x12E0,
        0x2F8C1, 0x12E2, 0x2F8C2, 0x12E4, 0x2F8C3, 0x12E6, 0x2F8C4, 0x12E8,
        0x2F8C5, 0x12EA, 0x2F8C6, 0x12EC, 0x2F8C7, 0x12EE, 0x2F8C8, 0x12F0,
        0x2F8C9, 0x12F2, 0x2F8CA, 0x12F4, 0x2F8CB, 0x12F6, 0x2F8CC, 0x12F8,
        0x2F8CD, 0x12FA, 0x2F8CE, 0x12FC, 0x2F8CF, 0x12FE, 0x2F8D0, 0x1300,
        0x2F8D1, 0x1302, 0x2F8D2, 0x1304, 0x2F8D3, 0x1306, 0x2F8D4, 0x1308,
        0x2F8D5, 0x130A, 0x2F8D6, 0x130C, 0x2F8D7, 0x130E, 0x2F8D8, 0x1310,
        0x2F8D9, 0x1312, 0x2F8DA, 0x1314, 0x2F8DB, 0x1316, 0x2F8DC, 0x1318,
        0x2F8DD, 0x131A, 0x2F8DE, 0x131C, 0x2F8DF, 0x131E, 0x2F8E0, 0x1320,
        0x2F8E1, 0x1322, 0x2F8E2, 0x1324, 0x2F8E3, 0x1326, 0x2F8E4, 0x1328,
        0x2F8E5, 0x132A, 0x2F8E6, 0x132C, 0x2F8E7, 0x132E, 0x2F8E8, 0x1330,
        0x2F8E9, 0x1332, 0x2F8EA, 0x1334, 0x2F8EB, 0x1336, 0x2F8EC, 0x1338,
        0x2F8ED, 0x133A, 0x2F8EE, 0x133C, 0x2F8EF, 0x133E, 0x2F8F0, 0x1340,
        0x2F8F1, 0x1342, 0x2F8F2, 0x1344, 0x2F8F3, 0x1346, 0x2F8F4, 0x1348,
        0x2F8F5, 0x134A, 0x2F8F6, 0x134C, 0x2F8F7, 0x134E, 0x2F8F8, 0x1350,
        0x2F8F9, 0x1352, 0x2F8FA, 0x1354, 0x2F8FB, 0x1356, 0x2F8FC, 0x1358,
        0x2F8FD, 0x135A, 0x2F8FE, 0x135C, 0x2F8FF, 0x135E, 0x2F900, 0x1360,
        0x2F901, 0x1362, 0x2F902, 0x1364, 0x2F903, 0x1366, 0x2F904, 0x1368,
        0x2F905, 0x136A, 0x2F906, 0x136C, 0x2F907, 0x136E, 0x2F908, 0x1370,
        0x2F909, 0x1372, 0x2F90A, 0x1374, 0x2F90B, 0x1376, 0x2F90C, 0x1378,
        0x2F90D, 0x137A, 0x2F90E, 0x137C, 0x2F90F, 0x137E, 0x2F910, 0x1380,
        0x2F911, 0x1382, 0x2F912, 0x1384, 0x2F913, 0x1386, 0x2F914, 0x1388,
        0x2F915, 0x138A, 0x2F916, 0x138C, 0x2F917, 0x138E, 0x2F918, 0x1390,
        0x2F919, 0x1392, 0x2F91A, 0x1394, 0x2F91B, 0x1396, 0x2F91C, 0x1398,
        0x2F91D, 0x139A, 0x2F91E, 0x139C, 0x2F91F, 0x139E, 0x2F920, 0x13A0,
        0x2F921, 0x13A2, 0x2F922, 0x13A4, 0x2F923, 0x13A6, 0x2F924, 0x13A8,
        0x2F925, 0x13AA, 0x2F926, 0x13AC, 0x2F927, 0x13AE, 0x2F928, 0x13B0,
        0x2F929, 0x13B2, 0x2F92A, 0x13B4, 0x2F92B, 0x13B6, 0x2F92C, 0x13B8,
        0x2F92D, 0x13BA, 0x2F92E, 0x13BC, 0x2F92F, 0x13BE, 0x2F930, 0x13C0,
        0x2F931, 0x13C2, 0x2F932, 0x13C4, 0x2F933, 0x13C6, 0x2F934, 0x13C8,
        0x2F935, 0x13CA, 0x2F936, 0x13CC, 0x2F937, 0x13CE, 0x2F938, 0x13D0,
        0x2F939, 0x13D2, 0x2F93A, 0x13D4, 0x2F93B, 0x13D6, 0x2F93C, 0x13D8,
        0x2F93D, 0x13DA, 0x2F93E, 0x13DC, 0x2F93F, 0x13DE, 0x2F940, 0x13E0,
        0x2F941, 0x13E2, 0x2F942, 0x13E4, 0x2F943, 0x13E6, 0x2F944, 0x13E8,
        0x2F945, 0x13EA, 0x2F946, 0x13EC, 0x2F947, 0x13EE, 0x2F948, 0x13F0,
        0x2F949, 0x13F2, 0x2F94A, 0x13F4, 0x2F94B, 0x13F6, 0x2F94C, 0x13F8,
        0x2F94D, 0x13FA, 0x2F94E, 0x13FC, 0x2F94F, 0x13FE, 0x2F950, 0x1400,
        0x2F951, 0x1402, 0x2F952, 0x1404, 0x2F953, 0x1406, 0x2F954, 0x1408,
        0x2F955, 0x140A, 0x2F956, 0x140C, 0x2F957, 0x140E, 0x2F958, 0x1410,
        0x2F959, 0x1412, 0x2F95A, 0x1414, 0x2F95B, 0x1416, 0x2F95C, 0x1418,
        0x2F95D, 0x141A, 0x2F95E, 0x141C, 0x2F95F, 0x141E, 0x2F960, 0x1420,
        0x2F961, 0x1422, 0x2F962, 0x1424, 0x2F963, 0x1426, 0x2F964, 0x1428,
        0x2F965, 0x142A, 0x2F966, 0x142C, 0x2F967, 0x142E, 0x2F968, 0x1430,
        0x2F969, 0x1432, 0x2F96A, 0x1434, 0x2F96B, 0x1436, 0x2F96C, 0x1438,
        0x2F96D, 0x143A, 0x2F96E, 0x143C, 0x2F96F, 0x143E, 0x2F970, 0x1440,
        0x2F971, 0x1442, 0x2F972, 0x1444, 0x2F973, 0x1446, 0x2F974, 0x1448,
        0x2F975, 0x144A, 0x2F976, 0x144C, 0x2F977, 0x144E, 0x2F978, 0x1450,
        0x2F979, 0x1452, 0x2F97A, 0x1454, 0x2F97B, 0x1456, 0x2F97C, 0x1458,
        0x2F97D, 0x145A, 0x2F97E, 0x145C, 0x2F97F, 0x145E, 0x2F980, 0x1460,
        0x2F981, 0x1462, 0x2F982, 0x1464, 0x2F983, 0x1466, 0x2F984, 0x1468,
        0x2F985, 0x146A, 0x2F986, 0x146C, 0x2F987, 0x146E, 0x2F988, 0x1470,
        0x2F989, 0x1472, 0x2F98A, 0x1474, 0x2F98B, 0x1476, 0x2F98C, 0x1478,
        0x2F98D, 0x147A, 0x2F98E, 0x147C, 0x2F98F, 0x147E, 0x2F990, 0x1480,
        0x2F991, 0x1482, 0x2F992, 0x1484, 0x2F993, 0x1486, 0x2F994, 0x1488,
        0x2F995, 0x148A, 0x2F996, 0x148C, 0x2F997, 0x148E, 0x2F998, 0x1490,
        0x2F999, 0x1492, 0x2F99A, 0x1494, 0x2F99B, 0x1496, 0x2F99C, 0x1498,
        0x2F99D, 0x149A, 0x2F99E, 0x149C, 0x2F99F, 0x149E, 0x2F9A0, 0x14A0,
        0x2F9A1, 0x14A2, 0x2F9A2, 0x14A4, 0x2F9A3, 0x14A6, 0x2F9A4, 0x14A8,
        0x2F9A5, 0x14AA, 0x2F9A6, 0x14AC, 0x2F9A7, 0x14AE, 0x2F9A8, 0x14B0,
        0x2F9A9, 0x14B2, 0x2F9AA, 0x14B4, 0x2F9AB, 0x14B6, 0x2F9AC, 0x14B8,
        0x2F9AD, 0x14BA, 0x2F9AE, 0x14BC, 0x2F9AF, 0x14BE, 0x2F9B0, 0x14C0,
        0x2F9B1, 0x14C2, 0x2F9B2, 0x14C4, 0x2F9B3, 0x14C6, 0x2F9B4, 0x14C8,
        0x2F9B5, 0x14CA, 0x2F9B6, 0x14CC, 0x2F9B7, 0x14CE, 0x2F9B8, 0x14D0,
        0x2F9B9, 0x14D2, 0x2F9BA, 0x14D4, 0x2F9BB, 0x14D6, 0x2F9BC, 0x14D8,
        0x2F9BD, 0x14DA, 0x2F9BE, 0x14DC, 0x2F9BF, 0x14DE, 0x2F9C0, 0x14E0,
        0x2F9C1, 0x14E2, 0x2F9C2, 0x14E4, 0x2F9C3, 0x14E6, 0x2F9C4, 0x14E8,
        0x2F9C5, 0x14EA, 0x2F9C6, 0x14EC, 0x2F9C7, 0x14EE, 0x2F9C8, 0x14F0,
        0x2F9C9, 0x14F2, 0x2F9CA, 0x14F4, 0x2F9CB, 0x14F6, 0x2F9CC, 0x14F8,
        0x2F9CD, 0x14FA, 0x2F9CE, 0x14FC, 0x2F9CF, 0x14FE, 0x2F9D0, 0x1500,
        0x2F9D1, 0x1502, 0x2F9D2, 0x1504, 0x2F9D3, 0x1506, 0x2F9D4, 0x1508,
        0x2F9D5, 0x150A, 0x2F9D6, 0x150C, 0x2F9D7, 0x150E, 0x2F9D8, 0x1510,
        0x2F9D9, 0x1512, 0x2F9DA, 0x1514, 0x2F9DB, 0x1516, 0x2F9DC, 0x1518,
        0x2F9DD, 0x151A, 0x2F9DE, 0x151C, 0x2F9DF, 0x151E, 0x2F9E0, 0x1520,
        0x2F9E1, 0x1522, 0x2F9E2, 0x1524, 0x2F9E3, 0x1526, 0x2F9E4, 0x1528,
        0x2F9E5, 0x152A, 0x2F9E6, 0x152C, 0x2F9E7, 0x152E, 0x2F9E8, 0x1530,
        0x2F9E9, 0x1532, 0x2F9EA, 0x1534, 0x2F9EB, 0x1536, 0x2F9EC, 0x1538,
        0x2F9ED, 0x153A, 0x2F9EE, 0x153C, 0x2F9EF, 0x153E, 0x2F9F0, 0x1540,
        0x2F9F1, 0x1542, 0x2F9F2, 0x1544, 0x2F9F3, 0x1546, 0x2F9F4, 0x1548,
        0x2F9F5, 0x154A, 0x2F9F6, 0x154C, 0x2F9F7, 0x154E, 0x2F9F8, 0x1550,
        0x2F9F9, 0x1552, 0x2F9FA, 0x1554, 0x2F9FB, 0x1556, 0x2F9FC, 0x1558,
        0x2F9FD, 0x155A, 0x2F9FE, 0x155C, 0x2F9FF, 0x155E, 0x2FA00, 0x1560,
        0x2FA01, 0x1562, 0x2FA02, 0x1564, 0x2FA03, 0x1566, 0x2FA04, 0x1568,
        0x2FA05, 0x156A, 0x2FA06, 0x156C, 0x2FA07, 0x156E, 0x2FA08, 0x1570,
        0x2FA09, 0x1572, 0x2FA0A, 0x1574, 0x2FA0B, 0x1576, 0x2FA0C, 0x1578,
        0x2FA0D, 0x157A, 0x2FA0E, 0x157C, 0x2FA0F, 0x157E, 0x2FA10, 0x1580,
        0x2FA11, 0x1582, 0x2FA12, 0x1584, 0x2FA13, 0x1586, 0x2FA14, 0x1588,
        0x2FA15, 0x158A, 0x2FA16, 0x158C, 0x2FA17, 0x158E, 0x2FA18, 0x1590,
        0x2FA19, 0x1592, 0x2FA1A, 0x1594, 0x2FA1B, 0x1596, 0x2FA1C, 0x1598,
        0x2FA1D, 0x159A,
    ];

    /// <summary>
    /// The decompositions, taken all the way down, so that no part
    /// decomposes further.
    /// </summary>
    public static ReadOnlySpan<uint> DecompositionParts =>
    [
        0x0, 0x2, 0x41, 0x300, 0x2, 0x41, 0x301, 0x2,
        0x41, 0x302, 0x2, 0x41, 0x303, 0x2, 0x41, 0x308,
        0x2, 0x41, 0x30A, 0x2, 0x43, 0x327, 0x2, 0x45,
        0x300, 0x2, 0x45, 0x301, 0x2, 0x45, 0x302, 0x2,
        0x45, 0x308, 0x2, 0x49, 0x300, 0x2, 0x49, 0x301,
        0x2, 0x49, 0x302, 0x2, 0x49, 0x308, 0x2, 0x4E,
        0x303, 0x2, 0x4F, 0x300, 0x2, 0x4F, 0x301, 0x2,
        0x4F, 0x302, 0x2, 0x4F, 0x303, 0x2, 0x4F, 0x308,
        0x2, 0x55, 0x300, 0x2, 0x55, 0x301, 0x2, 0x55,
        0x302, 0x2, 0x55, 0x308, 0x2, 0x59, 0x301, 0x2,
        0x61, 0x300, 0x2, 0x61, 0x301, 0x2, 0x61, 0x302,
        0x2, 0x61, 0x303, 0x2, 0x61, 0x308, 0x2, 0x61,
        0x30A, 0x2, 0x63, 0x327, 0x2, 0x65, 0x300, 0x2,
        0x65, 0x301, 0x2, 0x65, 0x302, 0x2, 0x65, 0x308,
        0x2, 0x69, 0x300, 0x2, 0x69, 0x301, 0x2, 0x69,
        0x302, 0x2, 0x69, 0x308, 0x2, 0x6E, 0x303, 0x2,
        0x6F, 0x300, 0x2, 0x6F, 0x301, 0x2, 0x6F, 0x302,
        0x2, 0x6F, 0x303, 0x2, 0x6F, 0x308, 0x2, 0x75,
        0x300, 0x2, 0x75, 0x301, 0x2, 0x75, 0x302, 0x2,
        0x75, 0x308, 0x2, 0x79, 0x301, 0x2, 0x79, 0x308,
        0x2, 0x41, 0x304, 0x2, 0x61, 0x304, 0x2, 0x41,
        0x306, 0x2, 0x61, 0x306, 0x2, 0x41, 0x328, 0x2,
        0x61, 0x328, 0x2, 0x43, 0x301, 0x2, 0x63, 0x301,
        0x2, 0x43, 0x302, 0x2, 0x63, 0x302, 0x2, 0x43,
        0x307, 0x2, 0x63, 0x307, 0x2, 0x43, 0x30C, 0x2,
        0x63, 0x30C, 0x2, 0x44, 0x30C, 0x2, 0x64, 0x30C,
        0x2, 0x45, 0x304, 0x2, 0x65, 0x304, 0x2, 0x45,
        0x306, 0x2, 0x65, 0x306, 0x2, 0x45, 0x307, 0x2,
        0x65, 0x307, 0x2, 0x45, 0x328, 0x2, 0x65, 0x328,
        0x2, 0x45, 0x30C, 0x2, 0x65, 0x30C, 0x2, 0x47,
        0x302, 0x2, 0x67, 0x302, 0x2, 0x47, 0x306, 0x2,
        0x67, 0x306, 0x2, 0x47, 0x307, 0x2, 0x67, 0x307,
        0x2, 0x47, 0x327, 0x2, 0x67, 0x327, 0x2, 0x48,
        0x302, 0x2, 0x68, 0x302, 0x2, 0x49, 0x303, 0x2,
        0x69, 0x303, 0x2, 0x49, 0x304, 0x2, 0x69, 0x304,
        0x2, 0x49, 0x306, 0x2, 0x69, 0x306, 0x2, 0x49,
        0x328, 0x2, 0x69, 0x328, 0x2, 0x49, 0x307, 0x2,
        0x4A, 0x302, 0x2, 0x6A, 0x302, 0x2, 0x4B, 0x327,
        0x2, 0x6B, 0x327, 0x2, 0x4C, 0x301, 0x2, 0x6C,
        0x301, 0x2, 0x4C, 0x327, 0x2, 0x6C, 0x327, 0x2,
        0x4C, 0x30C, 0x2, 0x6C, 0x30C, 0x2, 0x4E, 0x301,
        0x2, 0x6E, 0x301, 0x2, 0x4E, 0x327, 0x2, 0x6E,
        0x327, 0x2, 0x4E, 0x30C, 0x2, 0x6E, 0x30C, 0x2,
        0x4F, 0x304, 0x2, 0x6F, 0x304, 0x2, 0x4F, 0x306,
        0x2, 0x6F, 0x306, 0x2, 0x4F, 0x30B, 0x2, 0x6F,
        0x30B, 0x2, 0x52, 0x301, 0x2, 0x72, 0x301, 0x2,
        0x52, 0x327, 0x2, 0x72, 0x327, 0x2, 0x52, 0x30C,
        0x2, 0x72, 0x30C, 0x2, 0x53, 0x301, 0x2, 0x73,
        0x301, 0x2, 0x53, 0x302, 0x2, 0x73, 0x302, 0x2,
        0x53, 0x327, 0x2, 0x73, 0x327, 0x2, 0x53, 0x30C,
        0x2, 0x73, 0x30C, 0x2, 0x54, 0x327, 0x2, 0x74,
        0x327, 0x2, 0x54, 0x30C, 0x2, 0x74, 0x30C, 0x2,
        0x55, 0x303, 0x2, 0x75, 0x303, 0x2, 0x55, 0x304,
        0x2, 0x75, 0x304, 0x2, 0x55, 0x306, 0x2, 0x75,
        0x306, 0x2, 0x55, 0x30A, 0x2, 0x75, 0x30A, 0x2,
        0x55, 0x30B, 0x2, 0x75, 0x30B, 0x2, 0x55, 0x328,
        0x2, 0x75, 0x328, 0x2, 0x57, 0x302, 0x2, 0x77,
        0x302, 0x2, 0x59, 0x302, 0x2, 0x79, 0x302, 0x2,
        0x59, 0x308, 0x2, 0x5A, 0x301, 0x2, 0x7A, 0x301,
        0x2, 0x5A, 0x307, 0x2, 0x7A, 0x307, 0x2, 0x5A,
        0x30C, 0x2, 0x7A, 0x30C, 0x2, 0x4F, 0x31B, 0x2,
        0x6F, 0x31B, 0x2, 0x55, 0x31B, 0x2, 0x75, 0x31B,
        0x2, 0x41, 0x30C, 0x2, 0x61, 0x30C, 0x2, 0x49,
        0x30C, 0x2, 0x69, 0x30C, 0x2, 0x4F, 0x30C, 0x2,
        0x6F, 0x30C, 0x2, 0x55, 0x30C, 0x2, 0x75, 0x30C,
        0x3, 0x55, 0x308, 0x304, 0x3, 0x75, 0x308, 0x304,
        0x3, 0x55, 0x308, 0x301, 0x3, 0x75, 0x308, 0x301,
        0x3, 0x55, 0x308, 0x30C, 0x3, 0x75, 0x308, 0x30C,
        0x3, 0x55, 0x308, 0x300, 0x3, 0x75, 0x308, 0x300,
        0x3, 0x41, 0x308, 0x304, 0x3, 0x61, 0x308, 0x304,
        0x3, 0x41, 0x307, 0x304, 0x3, 0x61, 0x307, 0x304,
        0x2, 0xC6, 0x304, 0x2, 0xE6, 0x304, 0x2, 0x47,
        0x30C, 0x2, 0x67, 0x30C, 0x2, 0x4B, 0x30C, 0x2,
        0x6B, 0x30C, 0x2, 0x4F, 0x328, 0x2, 0x6F, 0x328,
        0x3, 0x4F, 0x328, 0x304, 0x3, 0x6F, 0x328, 0x304,
        0x2, 0x1B7, 0x30C, 0x2, 0x292, 0x30C, 0x2, 0x6A,
        0x30C, 0x2, 0x47, 0x301, 0x2, 0x67, 0x301, 0x2,
        0x4E, 0x300, 0x2, 0x6E, 0x300, 0x3, 0x41, 0x30A,
        0x301, 0x3, 0x61, 0x30A, 0x301, 0x2, 0xC6, 0x301,
        0x2, 0xE6, 0x301, 0x2, 0xD8, 0x301, 0x2, 0xF8,
        0x301, 0x2, 0x41, 0x30F, 0x2, 0x61, 0x30F, 0x2,
        0x41, 0x311, 0x2, 0x61, 0x311, 0x2, 0x45, 0x30F,
        0x2, 0x65, 0x30F, 0x2, 0x45, 0x311, 0x2, 0x65,
        0x311, 0x2, 0x49, 0x30F, 0x2, 0x69, 0x30F, 0x2,
        0x49, 0x311, 0x2, 0x69, 0x311, 0x2, 0x4F, 0x30F,
        0x2, 0x6F, 0x30F, 0x2, 0x4F, 0x311, 0x2, 0x6F,
        0x311, 0x2, 0x52, 0x30F, 0x2, 0x72, 0x30F, 0x2,
        0x52, 0x311, 0x2, 0x72, 0x311, 0x2, 0x55, 0x30F,
        0x2, 0x75, 0x30F, 0x2, 0x55, 0x311, 0x2, 0x75,
        0x311, 0x2, 0x53, 0x326, 0x2, 0x73, 0x326, 0x2,
        0x54, 0x326, 0x2, 0x74, 0x326, 0x2, 0x48, 0x30C,
        0x2, 0x68, 0x30C, 0x2, 0x41, 0x307, 0x2, 0x61,
        0x307, 0x2, 0x45, 0x327, 0x2, 0x65, 0x327, 0x3,
        0x4F, 0x308, 0x304, 0x3, 0x6F, 0x308, 0x304, 0x3,
        0x4F, 0x303, 0x304, 0x3, 0x6F, 0x303, 0x304, 0x2,
        0x4F, 0x307, 0x2, 0x6F, 0x307, 0x3, 0x4F, 0x307,
        0x304, 0x3, 0x6F, 0x307, 0x304, 0x2, 0x59, 0x304,
        0x2, 0x79, 0x304, 0x1, 0x300, 0x1, 0x301, 0x1,
        0x313, 0x2, 0x308, 0x301, 0x1, 0x2B9, 0x1, 0x3B,
        0x2, 0xA8, 0x301, 0x2, 0x391, 0x301, 0x1, 0xB7,
        0x2, 0x395, 0x301, 0x2, 0x397, 0x301, 0x2, 0x399,
        0x301, 0x2, 0x39F, 0x301, 0x2, 0x3A5, 0x301, 0x2,
        0x3A9, 0x301, 0x3, 0x3B9, 0x308, 0x301, 0x2, 0x399,
        0x308, 0x2, 0x3A5, 0x308, 0x2, 0x3B1, 0x301, 0x2,
        0x3B5, 0x301, 0x2, 0x3B7, 0x301, 0x2, 0x3B9, 0x301,
        0x3, 0x3C5, 0x308, 0x301, 0x2, 0x3B9, 0x308, 0x2,
        0x3C5, 0x308, 0x2, 0x3BF, 0x301, 0x2, 0x3C5, 0x301,
        0x2, 0x3C9, 0x301, 0x2, 0x3D2, 0x301, 0x2, 0x3D2,
        0x308, 0x2, 0x415, 0x300, 0x2, 0x415, 0x308, 0x2,
        0x413, 0x301, 0x2, 0x406, 0x308, 0x2, 0x41A, 0x301,
        0x2, 0x418, 0x300, 0x2, 0x423, 0x306, 0x2, 0x418,
        0x306, 0x2, 0x438, 0x306, 0x2, 0x435, 0x300, 0x2,
        0x435, 0x308, 0x2, 0x433, 0x301, 0x2, 0x456, 0x308,
        0x2, 0x43A, 0x301, 0x2, 0x438, 0x300, 0x2, 0x443,
        0x306, 0x2, 0x474, 0x30F, 0x2, 0x475, 0x30F, 0x2,
        0x416, 0x306, 0x2, 0x436, 0x306, 0x2, 0x410, 0x306,
        0x2, 0x430, 0x306, 0x2, 0x410, 0x308, 0x2, 0x430,
        0x308, 0x2, 0x415, 0x306, 0x2, 0x435, 0x306, 0x2,
        0x4D8, 0x308, 0x2, 0x4D9, 0x308, 0x2, 0x416, 0x308,
        0x2, 0x436, 0x308, 0x2, 0x417, 0x308, 0x2, 0x437,
        0x308, 0x2, 0x418, 0x304, 0x2, 0x438, 0x304, 0x2,
        0x418, 0x308, 0x2, 0x438, 0x308, 0x2, 0x41E, 0x308,
        0x2, 0x43E, 0x308, 0x2, 0x4E8, 0x308, 0x2, 0x4E9,
        0x308, 0x2, 0x42D, 0x308, 0x2, 0x44D, 0x308, 0x2,
        0x423, 0x304, 0x2, 0x443, 0x304, 0x2, 0x423, 0x308,
        0x2, 0x443, 0x308, 0x2, 0x423, 0x30B, 0x2, 0x443,
        0x30B, 0x2, 0x427, 0x308, 0x2, 0x447, 0x308, 0x2,
        0x42B, 0x308, 0x2, 0x44B, 0x308, 0x2, 0x627, 0x653,
        0x2, 0x627, 0x654, 0x2, 0x648, 0x654, 0x2, 0x627,
        0x655, 0x2, 0x64A, 0x654, 0x2, 0x6D5, 0x654, 0x2,
        0x6C1, 0x654, 0x2, 0x6D2, 0x654, 0x2, 0x928, 0x93C,
        0x2, 0x930, 0x93C, 0x2, 0x933, 0x93C, 0x2, 0x915,
        0x93C, 0x2, 0x916, 0x93C, 0x2, 0x917, 0x93C, 0x2,
        0x91C, 0x93C, 0x2, 0x921, 0x93C, 0x2, 0x922, 0x93C,
        0x2, 0x92B, 0x93C, 0x2, 0x92F, 0x93C, 0x2, 0x9C7,
        0x9BE, 0x2, 0x9C7, 0x9D7, 0x2, 0x9A1, 0x9BC, 0x2,
        0x9A2, 0x9BC, 0x2, 0x9AF, 0x9BC, 0x2, 0xA32, 0xA3C,
        0x2, 0xA38, 0xA3C, 0x2, 0xA16, 0xA3C, 0x2, 0xA17,
        0xA3C, 0x2, 0xA1C, 0xA3C, 0x2, 0xA2B, 0xA3C, 0x2,
        0xB47, 0xB56, 0x2, 0xB47, 0xB3E, 0x2, 0xB47, 0xB57,
        0x2, 0xB21, 0xB3C, 0x2, 0xB22, 0xB3C, 0x2, 0xB92,
        0xBD7, 0x2, 0xBC6, 0xBBE, 0x2, 0xBC7, 0xBBE, 0x2,
        0xBC6, 0xBD7, 0x2, 0xC46, 0xC56, 0x2, 0xCBF, 0xCD5,
        0x2, 0xCC6, 0xCD5, 0x2, 0xCC6, 0xCD6, 0x2, 0xCC6,
        0xCC2, 0x3, 0xCC6, 0xCC2, 0xCD5, 0x2, 0xD46, 0xD3E,
        0x2, 0xD47, 0xD3E, 0x2, 0xD46, 0xD57, 0x2, 0xDD9,
        0xDCA, 0x2, 0xDD9, 0xDCF, 0x3, 0xDD9, 0xDCF, 0xDCA,
        0x2, 0xDD9, 0xDDF, 0x2, 0xF42, 0xFB7, 0x2, 0xF4C,
        0xFB7, 0x2, 0xF51, 0xFB7, 0x2, 0xF56, 0xFB7, 0x2,
        0xF5B, 0xFB7, 0x2, 0xF40, 0xFB5, 0x2, 0xF71, 0xF72,
        0x2, 0xF71, 0xF74, 0x2, 0xFB2, 0xF80, 0x2, 0xFB3,
        0xF80, 0x2, 0xF71, 0xF80, 0x2, 0xF92, 0xFB7, 0x2,
        0xF9C, 0xFB7, 0x2, 0xFA1, 0xFB7, 0x2, 0xFA6, 0xFB7,
        0x2, 0xFAB, 0xFB7, 0x2, 0xF90, 0xFB5, 0x2, 0x1025,
        0x102E, 0x2, 0x1B05, 0x1B35, 0x2, 0x1B07, 0x1B35, 0x2,
        0x1B09, 0x1B35, 0x2, 0x1B0B, 0x1B35, 0x2, 0x1B0D, 0x1B35,
        0x2, 0x1B11, 0x1B35, 0x2, 0x1B3A, 0x1B35, 0x2, 0x1B3C,
        0x1B35, 0x2, 0x1B3E, 0x1B35, 0x2, 0x1B3F, 0x1B35, 0x2,
        0x1B42, 0x1B35, 0x2, 0x41, 0x325, 0x2, 0x61, 0x325,
        0x2, 0x42, 0x307, 0x2, 0x62, 0x307, 0x2, 0x42,
        0x323, 0x2, 0x62, 0x323, 0x2, 0x42, 0x331, 0x2,
        0x62, 0x331, 0x3, 0x43, 0x327, 0x301, 0x3, 0x63,
        0x327, 0x301, 0x2, 0x44, 0x307, 0x2, 0x64, 0x307,
        0x2, 0x44, 0x323, 0x2, 0x64, 0x323, 0x2, 0x44,
        0x331, 0x2, 0x64, 0x331, 0x2, 0x44, 0x327, 0x2,
        0x64, 0x327, 0x2, 0x44, 0x32D, 0x2, 0x64, 0x32D,
        0x3, 0x45, 0x304, 0x300, 0x3, 0x65, 0x304, 0x300,
        0x3, 0x45, 0x304, 0x301, 0x3, 0x65, 0x304, 0x301,
        0x2, 0x45, 0x32D, 0x2, 0x65, 0x32D, 0x2, 0x45,
        0x330, 0x2, 0x65, 0x330, 0x3, 0x45, 0x327, 0x306,
        0x3, 0x65, 0x327, 0x306, 0x2, 0x46, 0x307, 0x2,
        0x66, 0x307, 0x2, 0x47, 0x304, 0x2, 0x67, 0x304,
        0x2, 0x48, 0x307, 0x2, 0x68, 0x307, 0x2, 0x48,
        0x323, 0x2, 0x68, 0x323, 0x2, 0x48, 0x308, 0x2,
        0x68, 0x308, 0x2, 0x48, 0x327, 0x2, 0x68, 0x327,
        0x2, 0x48, 0x32E, 0x2, 0x68, 0x32E, 0x2, 0x49,
        0x330, 0x2, 0x69, 0x330, 0x3, 0x49, 0x308, 0x301,
        0x3, 0x69, 0x308, 0x301, 0x2, 0x4B, 0x301, 0x2,
        0x6B, 0x301, 0x2, 0x4B, 0x323, 0x2, 0x6B, 0x323,
        0x2, 0x4B, 0x331, 0x2, 0x6B, 0x331, 0x2, 0x4C,
        0x323, 0x2, 0x6C, 0x323, 0x3, 0x4C, 0x323, 0x304,
        0x3, 0x6C, 0x323, 0x304, 0x2, 0x4C, 0x331, 0x2,
        0x6C, 0x331, 0x2, 0x4C, 0x32D, 0x2, 0x6C, 0x32D,
        0x2, 0x4D, 0x301, 0x2, 0x6D, 0x301, 0x2, 0x4D,
        0x307, 0x2, 0x6D, 0x307, 0x2, 0x4D, 0x323, 0x2,
        0x6D, 0x323, 0x2, 0x4E, 0x307, 0x2, 0x6E, 0x307,
        0x2, 0x4E, 0x323, 0x2, 0x6E, 0x323, 0x2, 0x4E,
        0x331, 0x2, 0x6E, 0x331, 0x2, 0x4E, 0x32D, 0x2,
        0x6E, 0x32D, 0x3, 0x4F, 0x303, 0x301, 0x3, 0x6F,
        0x303, 0x301, 0x3, 0x4F, 0x303, 0x308, 0x3, 0x6F,
        0x303, 0x308, 0x3, 0x4F, 0x304, 0x300, 0x3, 0x6F,
        0x304, 0x300, 0x3, 0x4F, 0x304, 0x301, 0x3, 0x6F,
        0x304, 0x301, 0x2, 0x50, 0x301, 0x2, 0x70, 0x301,
        0x2, 0x50, 0x307, 0x2, 0x70, 0x307, 0x2, 0x52,
        0x307, 0x2, 0x72, 0x307, 0x2, 0x52, 0x323, 0x2,
        0x72, 0x323, 0x3, 0x52, 0x323, 0x304, 0x3, 0x72,
        0x323, 0x304, 0x2, 0x52, 0x331, 0x2, 0x72, 0x331,
        0x2, 0x53, 0x307, 0x2, 0x73, 0x307, 0x2, 0x53,
        0x323, 0x2, 0x73, 0x323, 0x3, 0x53, 0x301, 0x307,
        0x3, 0x73, 0x301, 0x307, 0x3, 0x53, 0x30C, 0x307,
        0x3, 0x73, 0x30C, 0x307, 0x3, 0x53, 0x323, 0x307,
        0x3, 0x73, 0x323, 0x307, 0x2, 0x54, 0x307, 0x2,
        0x74, 0x307, 0x2, 0x54, 0x323, 0x2, 0x74, 0x323,
        0x2, 0x54, 0x331, 0x2, 0x74, 0x331, 0x2, 0x54,
        0x32D, 0x2, 0x74, 0x32D, 0x2, 0x55, 0x324, 0x2,
        0x75, 0x324, 0x2, 0x55, 0x330, 0x2, 0x75, 0x330,
        0x2, 0x55, 0x32D, 0x2, 0x75, 0x32D, 0x3, 0x55,
        0x303, 0x301, 0x3, 0x75, 0x303, 0x301, 0x3, 0x55,
        0x304, 0x308, 0x3, 0x75, 0x304, 0x308, 0x2, 0x56,
        0x303, 0x2, 0x76, 0x303, 0x2, 0x56, 0x323, 0x2,
        0x76, 0x323, 0x2, 0x57, 0x300, 0x2, 0x77, 0x300,
        0x2, 0x57, 0x301, 0x2, 0x77, 0x301, 0x2, 0x57,
        0x308, 0x2, 0x77, 0x308, 0x2, 0x57, 0x307, 0x2,
        0x77, 0x307, 0x2, 0x57, 0x323, 0x2, 0x77, 0x323,
        0x2, 0x58, 0x307, 0x2, 0x78, 0x307, 0x2, 0x58,
        0x308, 0x2, 0x78, 0x308, 0x2, 0x59, 0x307, 0x2,
        0x79, 0x307, 0x2, 0x5A, 0x302, 0x2, 0x7A, 0x302,
        0x2, 0x5A, 0x323, 0x2, 0x7A, 0x323, 0x2, 0x5A,
        0x331, 0x2, 0x7A, 0x331, 0x2, 0x68, 0x331, 0x2,
        0x74, 0x308, 0x2, 0x77, 0x30A, 0x2, 0x79, 0x30A,
        0x2, 0x17F, 0x307, 0x2, 0x41, 0x323, 0x2, 0x61,
        0x323, 0x2, 0x41, 0x309, 0x2, 0x61, 0x309, 0x3,
        0x41, 0x302, 0x301, 0x3, 0x61, 0x302, 0x301, 0x3,
        0x41, 0x302, 0x300, 0x3, 0x61, 0x302, 0x300, 0x3,
        0x41, 0x302, 0x309, 0x3, 0x61, 0x302, 0x309, 0x3,
        0x41, 0x302, 0x303, 0x3, 0x61, 0x302, 0x303, 0x3,
        0x41, 0x323, 0x302, 0x3, 0x61, 0x323, 0x302, 0x3,
        0x41, 0x306, 0x301, 0x3, 0x61, 0x306, 0x301, 0x3,
        0x41, 0x306, 0x300, 0x3, 0x61, 0x306, 0x300, 0x3,
        0x41, 0x306, 0x309, 0x3, 0x61, 0x306, 0x309, 0x3,
        0x41, 0x306, 0x303, 0x3, 0x61, 0x306, 0x303, 0x3,
        0x41, 0x323, 0x306, 0x3, 0x61, 0x323, 0x306, 0x2,
        0x45, 0x323, 0x2, 0x65, 0x323, 0x2, 0x45, 0x309,
        0x2, 0x65, 0x309, 0x2, 0x45, 0x303, 0x2, 0x65,
        0x303, 0x3, 0x45, 0x302, 0x301, 0x3, 0x65, 0x302,
        0x301, 0x3, 0x45, 0x302, 0x300, 0x3, 0x65, 0x302,
        0x300, 0x3, 0x45, 0x302, 0x309, 0x3, 0x65, 0x302,
        0x309, 0x3, 0x45, 0x302, 0x303, 0x3, 0x65, 0x302,
        0x303, 0x3, 0x45, 0x323, 0x302, 0x3, 0x65, 0x323,
        0x302, 0x2, 0x49, 0x309, 0x2, 0x69, 0x309, 0x2,
        0x49, 0x323, 0x2, 0x69, 0x323, 0x2, 0x4F, 0x323,
        0x2, 0x6F, 0x323, 0x2, 0x4F, 0x309, 0x2, 0x6F,
        0x309, 0x3, 0x4F, 0x302, 0x301, 0x3, 0x6F, 0x302,
        0x301, 0x3, 0x4F, 0x302, 0x300, 0x3, 0x6F, 0x302,
        0x300, 0x3, 0x4F, 0x302, 0x309, 0x3, 0x6F, 0x302,
        0x309, 0x3, 0x4F, 0x302, 0x303, 0x3, 0x6F, 0x302,
        0x303, 0x3, 0x4F, 0x323, 0x302, 0x3, 0x6F, 0x323,
        0x302, 0x3, 0x4F, 0x31B, 0x301, 0x3, 0x6F, 0x31B,
        0x301, 0x3, 0x4F, 0x31B, 0x300, 0x3, 0x6F, 0x31B,
        0x300, 0x3, 0x4F, 0x31B, 0x309, 0x3, 0x6F, 0x31B,
        0x309, 0x3, 0x4F, 0x31B, 0x303, 0x3, 0x6F, 0x31B,
        0x303, 0x3, 0x4F, 0x31B, 0x323, 0x3, 0x6F, 0x31B,
        0x323, 0x2, 0x55, 0x323, 0x2, 0x75, 0x323, 0x2,
        0x55, 0x309, 0x2, 0x75, 0x309, 0x3, 0x55, 0x31B,
        0x301, 0x3, 0x75, 0x31B, 0x301, 0x3, 0x55, 0x31B,
        0x300, 0x3, 0x75, 0x31B, 0x300, 0x3, 0x55, 0x31B,
        0x309, 0x3, 0x75, 0x31B, 0x309, 0x3, 0x55, 0x31B,
        0x303, 0x3, 0x75, 0x31B, 0x303, 0x3, 0x55, 0x31B,
        0x323, 0x3, 0x75, 0x31B, 0x323, 0x2, 0x59, 0x300,
        0x2, 0x79, 0x300, 0x2, 0x59, 0x323, 0x2, 0x79,
        0x323, 0x2, 0x59, 0x309, 0x2, 0x79, 0x309, 0x2,
        0x59, 0x303, 0x2, 0x79, 0x303, 0x2, 0x3B1, 0x313,
        0x2, 0x3B1, 0x314, 0x3, 0x3B1, 0x313, 0x300, 0x3,
        0x3B1, 0x314, 0x300, 0x3, 0x3B1, 0x313, 0x301, 0x3,
        0x3B1, 0x314, 0x301, 0x3, 0x3B1, 0x313, 0x342, 0x3,
        0x3B1, 0x314, 0x342, 0x2, 0x391, 0x313, 0x2, 0x391,
        0x314, 0x3, 0x391, 0x313, 0x300, 0x3, 0x391, 0x314,
        0x300, 0x3, 0x391, 0x313, 0x301, 0x3, 0x391, 0x314,
        0x301, 0x3, 0x391, 0x313, 0x342, 0x3, 0x391, 0x314,
        0x342, 0x2, 0x3B5, 0x313, 0x2, 0x3B5, 0x314, 0x3,
        0x3B5, 0x313, 0x300, 0x3, 0x3B5, 0x314, 0x300, 0x3,
        0x3B5, 0x313, 0x301, 0x3, 0x3B5, 0x314, 0x301, 0x2,
        0x395, 0x313, 0x2, 0x395, 0x314, 0x3, 0x395, 0x313,
        0x300, 0x3, 0x395, 0x314, 0x300, 0x3, 0x395, 0x313,
        0x301, 0x3, 0x395, 0x314, 0x301, 0x2, 0x3B7, 0x313,
        0x2, 0x3B7, 0x314, 0x3, 0x3B7, 0x313, 0x300, 0x3,
        0x3B7, 0x314, 0x300, 0x3, 0x3B7, 0x313, 0x301, 0x3,
        0x3B7, 0x314, 0x301, 0x3, 0x3B7, 0x313, 0x342, 0x3,
        0x3B7, 0x314, 0x342, 0x2, 0x397, 0x313, 0x2, 0x397,
        0x314, 0x3, 0x397, 0x313, 0x300, 0x3, 0x397, 0x314,
        0x300, 0x3, 0x397, 0x313, 0x301, 0x3, 0x397, 0x314,
        0x301, 0x3, 0x397, 0x313, 0x342, 0x3, 0x397, 0x314,
        0x342, 0x2, 0x3B9, 0x313, 0x2, 0x3B9, 0x314, 0x3,
        0x3B9, 0x313, 0x300, 0x3, 0x3B9, 0x314, 0x300, 0x3,
        0x3B9, 0x313, 0x301, 0x3, 0x3B9, 0x314, 0x301, 0x3,
        0x3B9, 0x313, 0x342, 0x3, 0x3B9, 0x314, 0x342, 0x2,
        0x399, 0x313, 0x2, 0x399, 0x314, 0x3, 0x399, 0x313,
        0x300, 0x3, 0x399, 0x314, 0x300, 0x3, 0x399, 0x313,
        0x301, 0x3, 0x399, 0x314, 0x301, 0x3, 0x399, 0x313,
        0x342, 0x3, 0x399, 0x314, 0x342, 0x2, 0x3BF, 0x313,
        0x2, 0x3BF, 0x314, 0x3, 0x3BF, 0x313, 0x300, 0x3,
        0x3BF, 0x314, 0x300, 0x3, 0x3BF, 0x313, 0x301, 0x3,
        0x3BF, 0x314, 0x301, 0x2, 0x39F, 0x313, 0x2, 0x39F,
        0x314, 0x3, 0x39F, 0x313, 0x300, 0x3, 0x39F, 0x314,
        0x300, 0x3, 0x39F, 0x313, 0x301, 0x3, 0x39F, 0x314,
        0x301, 0x2, 0x3C5, 0x313, 0x2, 0x3C5, 0x314, 0x3,
        0x3C5, 0x313, 0x300, 0x3, 0x3C5, 0x314, 0x300, 0x3,
        0x3C5, 0x313, 0x301, 0x3, 0x3C5, 0x314, 0x301, 0x3,
        0x3C5, 0x313, 0x342, 0x3, 0x3C5, 0x314, 0x342, 0x2,
        0x3A5, 0x314, 0x3, 0x3A5, 0x314, 0x300, 0x3, 0x3A5,
        0x314, 0x301, 0x3, 0x3A5, 0x314, 0x342, 0x2, 0x3C9,
        0x313, 0x2, 0x3C9, 0x314, 0x3, 0x3C9, 0x313, 0x300,
        0x3, 0x3C9, 0x314, 0x300, 0x3, 0x3C9, 0x313, 0x301,
        0x3, 0x3C9, 0x314, 0x301, 0x3, 0x3C9, 0x313, 0x342,
        0x3, 0x3C9, 0x314, 0x342, 0x2, 0x3A9, 0x313, 0x2,
        0x3A9, 0x314, 0x3, 0x3A9, 0x313, 0x300, 0x3, 0x3A9,
        0x314, 0x300, 0x3, 0x3A9, 0x313, 0x301, 0x3, 0x3A9,
        0x314, 0x301, 0x3, 0x3A9, 0x313, 0x342, 0x3, 0x3A9,
        0x314, 0x342, 0x2, 0x3B1, 0x300, 0x2, 0x3B1, 0x301,
        0x2, 0x3B5, 0x300, 0x2, 0x3B5, 0x301, 0x2, 0x3B7,
        0x300, 0x2, 0x3B7, 0x301, 0x2, 0x3B9, 0x300, 0x2,
        0x3B9, 0x301, 0x2, 0x3BF, 0x300, 0x2, 0x3BF, 0x301,
        0x2, 0x3C5, 0x300, 0x2, 0x3C5, 0x301, 0x2, 0x3C9,
        0x300, 0x2, 0x3C9, 0x301, 0x3, 0x3B1, 0x313, 0x345,
        0x3, 0x3B1, 0x314, 0x345, 0x4, 0x3B1, 0x313, 0x300,
        0x345, 0x4, 0x3B1, 0x314, 0x300, 0x345, 0x4, 0x3B1,
        0x313, 0x301, 0x345, 0x4, 0x3B1, 0x314, 0x301, 0x345,
        0x4, 0x3B1, 0x313, 0x342, 0x345, 0x4, 0x3B1, 0x314,
        0x342, 0x345, 0x3, 0x391, 0x313, 0x345, 0x3, 0x391,
        0x314, 0x345, 0x4, 0x391, 0x313, 0x300, 0x345, 0x4,
        0x391, 0x314, 0x300, 0x345, 0x4, 0x391, 0x313, 0x301,
        0x345, 0x4, 0x391, 0x314, 0x301, 0x345, 0x4, 0x391,
        0x313, 0x342, 0x345, 0x4, 0x391, 0x314, 0x342, 0x345,
        0x3, 0x3B7, 0x313, 0x345, 0x3, 0x3B7, 0x314, 0x345,
        0x4, 0x3B7, 0x313, 0x300, 0x345, 0x4, 0x3B7, 0x314,
        0x300, 0x345, 0x4, 0x3B7, 0x313, 0x301, 0x345, 0x4,
        0x3B7, 0x314, 0x301, 0x345, 0x4, 0x3B7, 0x313, 0x342,
        0x345, 0x4, 0x3B7, 0x314, 0x342, 0x345, 0x3, 0x397,
        0x313, 0x345, 0x3, 0x397, 0x314, 0x345, 0x4, 0x397,
        0x313, 0x300, 0x345, 0x4, 0x397, 0x314, 0x300, 0x345,
        0x4, 0x397, 0x313, 0x301, 0x345, 0x4, 0x397, 0x314,
        0x301, 0x345, 0x4, 0x397, 0x313, 0x342, 0x345, 0x4,
        0x397, 0x314, 0x342, 0x345, 0x3, 0x3C9, 0x313, 0x345,
        0x3, 0x3C9, 0x314, 0x345, 0x4, 0x3C9, 0x313, 0x300,
        0x345, 0x4, 0x3C9, 0x314, 0x300, 0x345, 0x4, 0x3C9,
        0x313, 0x301, 0x345, 0x4, 0x3C9, 0x314, 0x301, 0x345,
        0x4, 0x3C9, 0x313, 0x342, 0x345, 0x4, 0x3C9, 0x314,
        0x342, 0x345, 0x3, 0x3A9, 0x313, 0x345, 0x3, 0x3A9,
        0x314, 0x345, 0x4, 0x3A9, 0x313, 0x300, 0x345, 0x4,
        0x3A9, 0x314, 0x300, 0x345, 0x4, 0x3A9, 0x313, 0x301,
        0x345, 0x4, 0x3A9, 0x314, 0x301, 0x345, 0x4, 0x3A9,
        0x313, 0x342, 0x345, 0x4, 0x3A9, 0x314, 0x342, 0x345,
        0x2, 0x3B1, 0x306, 0x2, 0x3B1, 0x304, 0x3, 0x3B1,
        0x300, 0x345, 0x2, 0x3B1, 0x345, 0x3, 0x3B1, 0x301,
        0x345, 0x2, 0x3B1, 0x342, 0x3, 0x3B1, 0x342, 0x345,
        0x2, 0x391, 0x306, 0x2, 0x391, 0x304, 0x2, 0x391,
        0x300, 0x2, 0x391, 0x301, 0x2, 0x391, 0x345, 0x1,
        0x3B9, 0x2, 0xA8, 0x342, 0x3, 0x3B7, 0x300, 0x345,
        0x2, 0x3B7, 0x345, 0x3, 0x3B7, 0x301, 0x345, 0x2,
        0x3B7, 0x342, 0x3, 0x3B7, 0x342, 0x345, 0x2, 0x395,
        0x300, 0x2, 0x395, 0x301, 0x2, 0x397, 0x300, 0x2,
        0x397, 0x301, 0x2, 0x397, 0x345, 0x2, 0x1FBF, 0x300,
        0x2, 0x1FBF, 0x301, 0x2, 0x1FBF, 0x342, 0x2, 0x3B9,
        0x306, 0x2, 0x3B9, 0x304, 0x3, 0x3B9, 0x308, 0x300,
        0x3, 0x3B9, 0x308, 0x301, 0x2, 0x3B9, 0x342, 0x3,
        0x3B9, 0x308, 0x342, 0x2, 0x399, 0x306, 0x2, 0x399,
        0x304, 0x2, 0x399, 0x300, 0x2, 0x399, 0x301, 0x2,
        0x1FFE, 0x300, 0x2, 0x1FFE, 0x301, 0x2, 0x1FFE, 0x342,
        0x2, 0x3C5, 0x306, 0x2, 0x3C5, 0x304, 0x3, 0x3C5,
        0x308, 0x300, 0x3, 0x3C5, 0x308, 0x301, 0x2, 0x3C1,
        0x313, 0x2, 0x3C1, 0x314, 0x2, 0x3C5, 0x342, 0x3,
        0x3C5, 0x308, 0x342, 0x2, 0x3A5, 0x306, 0x2, 0x3A5,
        0x304, 0x2, 0x3A5, 0x300, 0x2, 0x3A5, 0x301, 0x2,
        0x3A1, 0x314, 0x2, 0xA8, 0x300, 0x2, 0xA8, 0x301,
        0x1, 0x60, 0x3, 0x3C9, 0x300, 0x345, 0x2, 0x3C9,
        0x345, 0x3, 0x3C9, 0x301, 0x345, 0x2, 0x3C9, 0x342,
        0x3, 0x3C9, 0x342, 0x345, 0x2, 0x39F, 0x300, 0x2,
        0x39F, 0x301, 0x2, 0x3A9, 0x300, 0x2, 0x3A9, 0x301,
        0x2, 0x3A9, 0x345, 0x1, 0xB4, 0x1, 0x2002, 0x1,
        0x2003, 0x1, 0x3A9, 0x1, 0x4B, 0x2, 0x41, 0x30A,
        0x2, 0x2190, 0x338, 0x2, 0x2192, 0x338, 0x2, 0x2194,
        0x338, 0x2, 0x21D0, 0x338, 0x2, 0x21D4, 0x338, 0x2,
        0x21D2, 0x338, 0x2, 0x2203, 0x338, 0x2, 0x2208, 0x338,
        0x2, 0x220B, 0x338, 0x2, 0x2223, 0x338, 0x2, 0x2225,
        0x338, 0x2, 0x223C, 0x338, 0x2, 0x2243, 0x338, 0x2,
        0x2245, 0x338, 0x2, 0x2248, 0x338, 0x2, 0x3D, 0x338,
        0x2, 0x2261, 0x338, 0x2, 0x224D, 0x338, 0x2, 0x3C,
        0x338, 0x2, 0x3E, 0x338, 0x2, 0x2264, 0x338, 0x2,
        0x2265, 0x338, 0x2, 0x2272, 0x338, 0x2, 0x2273, 0x338,
        0x2, 0x2276, 0x338, 0x2, 0x2277, 0x338, 0x2, 0x227A,
        0x338, 0x2, 0x227B, 0x338, 0x2, 0x2282, 0x338, 0x2,
        0x2283, 0x338, 0x2, 0x2286, 0x338, 0x2, 0x2287, 0x338,
        0x2, 0x22A2, 0x338, 0x2, 0x22A8, 0x338, 0x2, 0x22A9,
        0x338, 0x2, 0x22AB, 0x338, 0x2, 0x227C, 0x338, 0x2,
        0x227D, 0x338, 0x2, 0x2291, 0x338, 0x2, 0x2292, 0x338,
        0x2, 0x22B2, 0x338, 0x2, 0x22B3, 0x338, 0x2, 0x22B4,
        0x338, 0x2, 0x22B5, 0x338, 0x1, 0x3008, 0x1, 0x3009,
        0x2, 0x2ADD, 0x338, 0x2, 0x304B, 0x3099, 0x2, 0x304D,
        0x3099, 0x2, 0x304F, 0x3099, 0x2, 0x3051, 0x3099, 0x2,
        0x3053, 0x3099, 0x2, 0x3055, 0x3099, 0x2, 0x3057, 0x3099,
        0x2, 0x3059, 0x3099, 0x2, 0x305B, 0x3099, 0x2, 0x305D,
        0x3099, 0x2, 0x305F, 0x3099, 0x2, 0x3061, 0x3099, 0x2,
        0x3064, 0x3099, 0x2, 0x3066, 0x3099, 0x2, 0x3068, 0x3099,
        0x2, 0x306F, 0x3099, 0x2, 0x306F, 0x309A, 0x2, 0x3072,
        0x3099, 0x2, 0x3072, 0x309A, 0x2, 0x3075, 0x3099, 0x2,
        0x3075, 0x309A, 0x2, 0x3078, 0x3099, 0x2, 0x3078, 0x309A,
        0x2, 0x307B, 0x3099, 0x2, 0x307B, 0x309A, 0x2, 0x3046,
        0x3099, 0x2, 0x309D, 0x3099, 0x2, 0x30AB, 0x3099, 0x2,
        0x30AD, 0x3099, 0x2, 0x30AF, 0x3099, 0x2, 0x30B1, 0x3099,
        0x2, 0x30B3, 0x3099, 0x2, 0x30B5, 0x3099, 0x2, 0x30B7,
        0x3099, 0x2, 0x30B9, 0x3099, 0x2, 0x30BB, 0x3099, 0x2,
        0x30BD, 0x3099, 0x2, 0x30BF, 0x3099, 0x2, 0x30C1, 0x3099,
        0x2, 0x30C4, 0x3099, 0x2, 0x30C6, 0x3099, 0x2, 0x30C8,
        0x3099, 0x2, 0x30CF, 0x3099, 0x2, 0x30CF, 0x309A, 0x2,
        0x30D2, 0x3099, 0x2, 0x30D2, 0x309A, 0x2, 0x30D5, 0x3099,
        0x2, 0x30D5, 0x309A, 0x2, 0x30D8, 0x3099, 0x2, 0x30D8,
        0x309A, 0x2, 0x30DB, 0x3099, 0x2, 0x30DB, 0x309A, 0x2,
        0x30A6, 0x3099, 0x2, 0x30EF, 0x3099, 0x2, 0x30F0, 0x3099,
        0x2, 0x30F1, 0x3099, 0x2, 0x30F2, 0x3099, 0x2, 0x30FD,
        0x3099, 0x1, 0x8C48, 0x1, 0x66F4, 0x1, 0x8ECA, 0x1,
        0x8CC8, 0x1, 0x6ED1, 0x1, 0x4E32, 0x1, 0x53E5, 0x1,
        0x9F9C, 0x1, 0x9F9C, 0x1, 0x5951, 0x1, 0x91D1, 0x1,
        0x5587, 0x1, 0x5948, 0x1, 0x61F6, 0x1, 0x7669, 0x1,
        0x7F85, 0x1, 0x863F, 0x1, 0x87BA, 0x1, 0x88F8, 0x1,
        0x908F, 0x1, 0x6A02, 0x1, 0x6D1B, 0x1, 0x70D9, 0x1,
        0x73DE, 0x1, 0x843D, 0x1, 0x916A, 0x1, 0x99F1, 0x1,
        0x4E82, 0x1, 0x5375, 0x1, 0x6B04, 0x1, 0x721B, 0x1,
        0x862D, 0x1, 0x9E1E, 0x1, 0x5D50, 0x1, 0x6FEB, 0x1,
        0x85CD, 0x1, 0x8964, 0x1, 0x62C9, 0x1, 0x81D8, 0x1,
        0x881F, 0x1, 0x5ECA, 0x1, 0x6717, 0x1, 0x6D6A, 0x1,
        0x72FC, 0x1, 0x90CE, 0x1, 0x4F86, 0x1, 0x51B7, 0x1,
        0x52DE, 0x1, 0x64C4, 0x1, 0x6AD3, 0x1, 0x7210, 0x1,
        0x76E7, 0x1, 0x8001, 0x1, 0x8606, 0x1, 0x865C, 0x1,
        0x8DEF, 0x1, 0x9732, 0x1, 0x9B6F, 0x1, 0x9DFA, 0x1,
        0x788C, 0x1, 0x797F, 0x1, 0x7DA0, 0x1, 0x83C9, 0x1,
        0x9304, 0x1, 0x9E7F, 0x1, 0x8AD6, 0x1, 0x58DF, 0x1,
        0x5F04, 0x1, 0x7C60, 0x1, 0x807E, 0x1, 0x7262, 0x1,
        0x78CA, 0x1, 0x8CC2, 0x1, 0x96F7, 0x1, 0x58D8, 0x1,
        0x5C62, 0x1, 0x6A13, 0x1, 0x6DDA, 0x1, 0x6F0F, 0x1,
        0x7D2F, 0x1, 0x7E37, 0x1, 0x964B, 0x1, 0x52D2, 0x1,
        0x808B, 0x1, 0x51DC, 0x1, 0x51CC, 0x1, 0x7A1C, 0x1,
        0x7DBE, 0x1, 0x83F1, 0x1, 0x9675, 0x1, 0x8B80, 0x1,
        0x62CF, 0x1, 0x6A02, 0x1, 0x8AFE, 0x1, 0x4E39, 0x1,
        0x5BE7, 0x1, 0x6012, 0x1, 0x7387, 0x1, 0x7570, 0x1,
        0x5317, 0x1, 0x78FB, 0x1, 0x4FBF, 0x1, 0x5FA9, 0x1,
        0x4E0D, 0x1, 0x6CCC, 0x1, 0x6578, 0x1, 0x7D22, 0x1,
        0x53C3, 0x1, 0x585E, 0x1, 0x7701, 0x1, 0x8449, 0x1,
        0x8AAA, 0x1, 0x6BBA, 0x1, 0x8FB0, 0x1, 0x6C88, 0x1,
        0x62FE, 0x1, 0x82E5, 0x1, 0x63A0, 0x1, 0x7565, 0x1,
        0x4EAE, 0x1, 0x5169, 0x1, 0x51C9, 0x1, 0x6881, 0x1,
        0x7CE7, 0x1, 0x826F, 0x1, 0x8AD2, 0x1, 0x91CF, 0x1,
        0x52F5, 0x1, 0x5442, 0x1, 0x5973, 0x1, 0x5EEC, 0x1,
        0x65C5, 0x1, 0x6FFE, 0x1, 0x792A, 0x1, 0x95AD, 0x1,
        0x9A6A, 0x1, 0x9E97, 0x1, 0x9ECE, 0x1, 0x529B, 0x1,
        0x66C6, 0x1, 0x6B77, 0x1, 0x8F62, 0x1, 0x5E74, 0x1,
        0x6190, 0x1, 0x6200, 0x1, 0x649A, 0x1, 0x6F23, 0x1,
        0x7149, 0x1, 0x7489, 0x1, 0x79CA, 0x1, 0x7DF4, 0x1,
        0x806F, 0x1, 0x8F26, 0x1, 0x84EE, 0x1, 0x9023, 0x1,
        0x934A, 0x1, 0x5217, 0x1, 0x52A3, 0x1, 0x54BD, 0x1,
        0x70C8, 0x1, 0x88C2, 0x1, 0x8AAA, 0x1, 0x5EC9, 0x1,
        0x5FF5, 0x1, 0x637B, 0x1, 0x6BAE, 0x1, 0x7C3E, 0x1,
        0x7375, 0x1, 0x4EE4, 0x1, 0x56F9, 0x1, 0x5BE7, 0x1,
        0x5DBA, 0x1, 0x601C, 0x1, 0x73B2, 0x1, 0x7469, 0x1,
        0x7F9A, 0x1, 0x8046, 0x1, 0x9234, 0x1, 0x96F6, 0x1,
        0x9748, 0x1, 0x9818, 0x1, 0x4F8B, 0x1, 0x79AE, 0x1,
        0x91B4, 0x1, 0x96B8, 0x1, 0x60E1, 0x1, 0x4E86, 0x1,
        0x50DA, 0x1, 0x5BEE, 0x1, 0x5C3F, 0x1, 0x6599, 0x1,
        0x6A02, 0x1, 0x71CE, 0x1, 0x7642, 0x1, 0x84FC, 0x1,
        0x907C, 0x1, 0x9F8D, 0x1, 0x6688, 0x1, 0x962E, 0x1,
        0x5289, 0x1, 0x677B, 0x1, 0x67F3, 0x1, 0x6D41, 0x1,
        0x6E9C, 0x1, 0x7409, 0x1, 0x7559, 0x1, 0x786B, 0x1,
        0x7D10, 0x1, 0x985E, 0x1, 0x516D, 0x1, 0x622E, 0x1,
        0x9678, 0x1, 0x502B, 0x1, 0x5D19, 0x1, 0x6DEA, 0x1,
        0x8F2A, 0x1, 0x5F8B, 0x1, 0x6144, 0x1, 0x6817, 0x1,
        0x7387, 0x1, 0x9686, 0x1, 0x5229, 0x1, 0x540F, 0x1,
        0x5C65, 0x1, 0x6613, 0x1, 0x674E, 0x1, 0x68A8, 0x1,
        0x6CE5, 0x1, 0x7406, 0x1, 0x75E2, 0x1, 0x7F79, 0x1,
        0x88CF, 0x1, 0x88E1, 0x1, 0x91CC, 0x1, 0x96E2, 0x1,
        0x533F, 0x1, 0x6EBA, 0x1, 0x541D, 0x1, 0x71D0, 0x1,
        0x7498, 0x1, 0x85FA, 0x1, 0x96A3, 0x1, 0x9C57, 0x1,
        0x9E9F, 0x1, 0x6797, 0x1, 0x6DCB, 0x1, 0x81E8, 0x1,
        0x7ACB, 0x1, 0x7B20, 0x1, 0x7C92, 0x1, 0x72C0, 0x1,
        0x7099, 0x1, 0x8B58, 0x1, 0x4EC0, 0x1, 0x8336, 0x1,
        0x523A, 0x1, 0x5207, 0x1, 0x5EA6, 0x1, 0x62D3, 0x1,
        0x7CD6, 0x1, 0x5B85, 0x1, 0x6D1E, 0x1, 0x66B4, 0x1,
        0x8F3B, 0x1, 0x884C, 0x1, 0x964D, 0x1, 0x898B, 0x1,
        0x5ED3, 0x1, 0x5140, 0x1, 0x55C0, 0x1, 0x585A, 0x1,
        0x6674, 0x1, 0x51DE, 0x1, 0x732A, 0x1, 0x76CA, 0x1,
        0x793C, 0x1, 0x795E, 0x1, 0x7965, 0x1, 0x798F, 0x1,
        0x9756, 0x1, 0x7CBE, 0x1, 0x7FBD, 0x1, 0x8612, 0x1,
        0x8AF8, 0x1, 0x9038, 0x1, 0x90FD, 0x1, 0x98EF, 0x1,
        0x98FC, 0x1, 0x9928, 0x1, 0x9DB4, 0x1, 0x90DE, 0x1,
        0x96B7, 0x1, 0x4FAE, 0x1, 0x50E7, 0x1, 0x514D, 0x1,
        0x52C9, 0x1, 0x52E4, 0x1, 0x5351, 0x1, 0x559D, 0x1,
        0x5606, 0x1, 0x5668, 0x1, 0x5840, 0x1, 0x58A8, 0x1,
        0x5C64, 0x1, 0x5C6E, 0x1, 0x6094, 0x1, 0x6168, 0x1,
        0x618E, 0x1, 0x61F2, 0x1, 0x654F, 0x1, 0x65E2, 0x1,
        0x6691, 0x1, 0x6885, 0x1, 0x6D77, 0x1, 0x6E1A, 0x1,
        0x6F22, 0x1, 0x716E, 0x1, 0x722B, 0x1, 0x7422, 0x1,
        0x7891, 0x1, 0x793E, 0x1, 0x7949, 0x1, 0x7948, 0x1,
        0x7950, 0x1, 0x7956, 0x1, 0x795D, 0x1, 0x798D, 0x1,
        0x798E, 0x1, 0x7A40, 0x1, 0x7A81, 0x1, 0x7BC0, 0x1,
        0x7DF4, 0x1, 0x7E09, 0x1, 0x7E41, 0x1, 0x7F72, 0x1,
        0x8005, 0x1, 0x81ED, 0x1, 0x8279, 0x1, 0x8279, 0x1,
        0x8457, 0x1, 0x8910, 0x1, 0x8996, 0x1, 0x8B01, 0x1,
        0x8B39, 0x1, 0x8CD3, 0x1, 0x8D08, 0x1, 0x8FB6, 0x1,
        0x9038, 0x1, 0x96E3, 0x1, 0x97FF, 0x1, 0x983B, 0x1,
        0x6075, 0x1, 0x242EE, 0x1, 0x8218, 0x1, 0x4E26, 0x1,
        0x51B5, 0x1, 0x5168, 0x1, 0x4F80, 0x1, 0x5145, 0x1,
        0x5180, 0x1, 0x52C7, 0x1, 0x52FA, 0x1, 0x559D, 0x1,
        0x5555, 0x1, 0x5599, 0x1, 0x55E2, 0x1, 0x585A, 0x1,
        0x58B3, 0x1, 0x5944, 0x1, 0x5954, 0x1, 0x5A62, 0x1,
        0x5B28, 0x1, 0x5ED2, 0x1, 0x5ED9, 0x1, 0x5F69, 0x1,
        0x5FAD, 0x1, 0x60D8, 0x1, 0x614E, 0x1, 0x6108, 0x1,
        0x618E, 0x1, 0x6160, 0x1, 0x61F2, 0x1, 0x6234, 0x1,
        0x63C4, 0x1, 0x641C, 0x1, 0x6452, 0x1, 0x6556, 0x1,
        0x6674, 0x1, 0x6717, 0x1, 0x671B, 0x1, 0x6756, 0x1,
        0x6B79, 0x1, 0x6BBA, 0x1, 0x6D41, 0x1, 0x6EDB, 0x1,
        0x6ECB, 0x1, 0x6F22, 0x1, 0x701E, 0x1, 0x716E, 0x1,
        0x77A7, 0x1, 0x7235, 0x1, 0x72AF, 0x1, 0x732A, 0x1,
        0x7471, 0x1, 0x7506, 0x1, 0x753B, 0x1, 0x761D, 0x1,
        0x761F, 0x1, 0x76CA, 0x1, 0x76DB, 0x1, 0x76F4, 0x1,
        0x774A, 0x1, 0x7740, 0x1, 0x78CC, 0x1, 0x7AB1, 0x1,
        0x7BC0, 0x1, 0x7C7B, 0x1, 0x7D5B, 0x1, 0x7DF4, 0x1,
        0x7F3E, 0x1, 0x8005, 0x1, 0x8352, 0x1, 0x83EF, 0x1,
        0x8779, 0x1, 0x8941, 0x1, 0x8986, 0x1, 0x8996, 0x1,
        0x8ABF, 0x1, 0x8AF8, 0x1, 0x8ACB, 0x1, 0x8B01, 0x1,
        0x8AFE, 0x1, 0x8AED, 0x1, 0x8B39, 0x1, 0x8B8A, 0x1,
        0x8D08, 0x1, 0x8F38, 0x1, 0x9072, 0x1, 0x9199, 0x1,
        0x9276, 0x1, 0x967C, 0x1, 0x96E3, 0x1, 0x9756, 0x1,
        0x97DB, 0x1, 0x97FF, 0x1, 0x980B, 0x1, 0x983B, 0x1,
        0x9B12, 0x1, 0x9F9C, 0x1, 0x2284A, 0x1, 0x22844, 0x1,
        0x233D5, 0x1, 0x3B9D, 0x1, 0x4018, 0x1, 0x4039, 0x1,
        0x25249, 0x1, 0x25CD0, 0x1, 0x27ED3, 0x1, 0x9F43, 0x1,
        0x9F8E, 0x2, 0x5D9, 0x5B4, 0x2, 0x5F2, 0x5B7, 0x2,
        0x5E9, 0x5C1, 0x2, 0x5E9, 0x5C2, 0x3, 0x5E9, 0x5BC,
        0x5C1, 0x3, 0x5E9, 0x5BC, 0x5C2, 0x2, 0x5D0, 0x5B7,
        0x2, 0x5D0, 0x5B8, 0x2, 0x5D0, 0x5BC, 0x2, 0x5D1,
        0x5BC, 0x2, 0x5D2, 0x5BC, 0x2, 0x5D3, 0x5BC, 0x2,
        0x5D4, 0x5BC, 0x2, 0x5D5, 0x5BC, 0x2, 0x5D6, 0x5BC,
        0x2, 0x5D8, 0x5BC, 0x2, 0x5D9, 0x5BC, 0x2, 0x5DA,
        0x5BC, 0x2, 0x5DB, 0x5BC, 0x2, 0x5DC, 0x5BC, 0x2,
        0x5DE, 0x5BC, 0x2, 0x5E0, 0x5BC, 0x2, 0x5E1, 0x5BC,
        0x2, 0x5E3, 0x5BC, 0x2, 0x5E4, 0x5BC, 0x2, 0x5E6,
        0x5BC, 0x2, 0x5E7, 0x5BC, 0x2, 0x5E8, 0x5BC, 0x2,
        0x5E9, 0x5BC, 0x2, 0x5EA, 0x5BC, 0x2, 0x5D5, 0x5B9,
        0x2, 0x5D1, 0x5BF, 0x2, 0x5DB, 0x5BF, 0x2, 0x5E4,
        0x5BF, 0x2, 0x105D2, 0x307, 0x2, 0x105DA, 0x307, 0x2,
        0x11099, 0x110BA, 0x2, 0x1109B, 0x110BA, 0x2, 0x110A5, 0x110BA,
        0x2, 0x11131, 0x11127, 0x2, 0x11132, 0x11127, 0x2, 0x11347,
        0x1133E, 0x2, 0x11347, 0x11357, 0x2, 0x11382, 0x113C9, 0x2,
        0x11384, 0x113BB, 0x2, 0x1138B, 0x113C2, 0x2, 0x11390, 0x113C9,
        0x2, 0x113C2, 0x113C2, 0x2, 0x113C2, 0x113B8, 0x2, 0x113C2,
        0x113C9, 0x2, 0x114B9, 0x114BA, 0x2, 0x114B9, 0x114B0, 0x2,
        0x114B9, 0x114BD, 0x2, 0x115B8, 0x115AF, 0x2, 0x115B9, 0x115AF,
        0x2, 0x11935, 0x11930, 0x2, 0x1611E, 0x1611E, 0x2, 0x1611E,
        0x16129, 0x2, 0x1611E, 0x1611F, 0x2, 0x16129, 0x1611F, 0x2,
        0x1611E, 0x16120, 0x3, 0x1611E, 0x1611E, 0x1611F, 0x3, 0x1611E,
        0x16129, 0x1611F, 0x3, 0x1611E, 0x1611E, 0x16120, 0x2, 0x16D67,
        0x16D67, 0x2, 0x16D63, 0x16D67, 0x3, 0x16D63, 0x16D67, 0x16D67,
        0x2, 0x1D157, 0x1D165, 0x2, 0x1D158, 0x1D165, 0x3, 0x1D158,
        0x1D165, 0x1D16E, 0x3, 0x1D158, 0x1D165, 0x1D16F, 0x3, 0x1D158,
        0x1D165, 0x1D170, 0x3, 0x1D158, 0x1D165, 0x1D171, 0x3, 0x1D158,
        0x1D165, 0x1D172, 0x2, 0x1D1B9, 0x1D165, 0x2, 0x1D1BA, 0x1D165,
        0x3, 0x1D1B9, 0x1D165, 0x1D16E, 0x3, 0x1D1BA, 0x1D165, 0x1D16E,
        0x3, 0x1D1B9, 0x1D165, 0x1D16F, 0x3, 0x1D1BA, 0x1D165, 0x1D16F,
        0x1, 0x4E3D, 0x1, 0x4E38, 0x1, 0x4E41, 0x1, 0x20122,
        0x1, 0x4F60, 0x1, 0x4FAE, 0x1, 0x4FBB, 0x1, 0x5002,
        0x1, 0x507A, 0x1, 0x5099, 0x1, 0x50E7, 0x1, 0x50CF,
        0x1, 0x349E, 0x1, 0x2063A, 0x1, 0x514D, 0x1, 0x5154,
        0x1, 0x5164, 0x1, 0x5177, 0x1, 0x2051C, 0x1, 0x34B9,
        0x1, 0x5167, 0x1, 0x518D, 0x1, 0x2054B, 0x1, 0x5197,
        0x1, 0x51A4, 0x1, 0x4ECC, 0x1, 0x51AC, 0x1, 0x51B5,
        0x1, 0x291DF, 0x1, 0x51F5, 0x1, 0x5203, 0x1, 0x34DF,
        0x1, 0x523B, 0x1, 0x5246, 0x1, 0x5272, 0x1, 0x5277,
        0x1, 0x3515, 0x1, 0x52C7, 0x1, 0x52C9, 0x1, 0x52E4,
        0x1, 0x52FA, 0x1, 0x5305, 0x1, 0x5306, 0x1, 0x5317,
        0x1, 0x5349, 0x1, 0x5351, 0x1, 0x535A, 0x1, 0x5373,
        0x1, 0x537D, 0x1, 0x537F, 0x1, 0x537F, 0x1, 0x537F,
        0x1, 0x20A2C, 0x1, 0x7070, 0x1, 0x53CA, 0x1, 0x53DF,
        0x1, 0x20B63, 0x1, 0x53EB, 0x1, 0x53F1, 0x1, 0x5406,
        0x1, 0x549E, 0x1, 0x5438, 0x1, 0x5448, 0x1, 0x5468,
        0x1, 0x54A2, 0x1, 0x54F6, 0x1, 0x5510, 0x1, 0x5553,
        0x1, 0x5563, 0x1, 0x5584, 0x1, 0x5584, 0x1, 0x5599,
        0x1, 0x55AB, 0x1, 0x55B3, 0x1, 0x55C2, 0x1, 0x5716,
        0x1, 0x5606, 0x1, 0x5717, 0x1, 0x5651, 0x1, 0x5674,
        0x1, 0x5207, 0x1, 0x58EE, 0x1, 0x57CE, 0x1, 0x57F4,
        0x1, 0x580D, 0x1, 0x578B, 0x1, 0x5832, 0x1, 0x5831,
        0x1, 0x58AC, 0x1, 0x214E4, 0x1, 0x58F2, 0x1, 0x58F7,
        0x1, 0x5906, 0x1, 0x591A, 0x1, 0x5922, 0x1, 0x5962,
        0x1, 0x216A8, 0x1, 0x216EA, 0x1, 0x59EC, 0x1, 0x5A1B,
        0x1, 0x5A27, 0x1, 0x59D8, 0x1, 0x5A66, 0x1, 0x36EE,
        0x1, 0x36FC, 0x1, 0x5B08, 0x1, 0x5B3E, 0x1, 0x5B3E,
        0x1, 0x219C8, 0x1, 0x5BC3, 0x1, 0x5BD8, 0x1, 0x5BE7,
        0x1, 0x5BF3, 0x1, 0x21B18, 0x1, 0x5BFF, 0x1, 0x5C06,
        0x1, 0x5F53, 0x1, 0x5C22, 0x1, 0x3781, 0x1, 0x5C60,
        0x1, 0x5C6E, 0x1, 0x5CC0, 0x1, 0x5C8D, 0x1, 0x21DE4,
        0x1, 0x5D43, 0x1, 0x21DE6, 0x1, 0x5D6E, 0x1, 0x5D6B,
        0x1, 0x5D7C, 0x1, 0x5DE1, 0x1, 0x5DE2, 0x1, 0x382F,
        0x1, 0x5DFD, 0x1, 0x5E28, 0x1, 0x5E3D, 0x1, 0x5E69,
        0x1, 0x3862, 0x1, 0x22183, 0x1, 0x387C, 0x1, 0x5EB0,
        0x1, 0x5EB3, 0x1, 0x5EB6, 0x1, 0x5ECA, 0x1, 0x2A392,
        0x1, 0x5EFE, 0x1, 0x22331, 0x1, 0x22331, 0x1, 0x8201,
        0x1, 0x5F22, 0x1, 0x5F22, 0x1, 0x38C7, 0x1, 0x232B8,
        0x1, 0x261DA, 0x1, 0x5F62, 0x1, 0x5F6B, 0x1, 0x38E3,
        0x1, 0x5F9A, 0x1, 0x5FCD, 0x1, 0x5FD7, 0x1, 0x5FF9,
        0x1, 0x6081, 0x1, 0x393A, 0x1, 0x391C, 0x1, 0x6094,
        0x1, 0x226D4, 0x1, 0x60C7, 0x1, 0x6148, 0x1, 0x614C,
        0x1, 0x614E, 0x1, 0x614C, 0x1, 0x617A, 0x1, 0x618E,
        0x1, 0x61B2, 0x1, 0x61A4, 0x1, 0x61AF, 0x1, 0x61DE,
        0x1, 0x61F2, 0x1, 0x61F6, 0x1, 0x6210, 0x1, 0x621B,
        0x1, 0x625D, 0x1, 0x62B1, 0x1, 0x62D4, 0x1, 0x6350,
        0x1, 0x22B0C, 0x1, 0x633D, 0x1, 0x62FC, 0x1, 0x6368,
        0x1, 0x6383, 0x1, 0x63E4, 0x1, 0x22BF1, 0x1, 0x6422,
        0x1, 0x63C5, 0x1, 0x63A9, 0x1, 0x3A2E, 0x1, 0x6469,
        0x1, 0x647E, 0x1, 0x649D, 0x1, 0x6477, 0x1, 0x3A6C,
        0x1, 0x654F, 0x1, 0x656C, 0x1, 0x2300A, 0x1, 0x65E3,
        0x1, 0x66F8, 0x1, 0x6649, 0x1, 0x3B19, 0x1, 0x6691,
        0x1, 0x3B08, 0x1, 0x3AE4, 0x1, 0x5192, 0x1, 0x5195,
        0x1, 0x6700, 0x1, 0x669C, 0x1, 0x80AD, 0x1, 0x43D9,
        0x1, 0x6717, 0x1, 0x671B, 0x1, 0x6721, 0x1, 0x675E,
        0x1, 0x6753, 0x1, 0x233C3, 0x1, 0x3B49, 0x1, 0x67FA,
        0x1, 0x6785, 0x1, 0x6852, 0x1, 0x6885, 0x1, 0x2346D,
        0x1, 0x688E, 0x1, 0x681F, 0x1, 0x6914, 0x1, 0x3B9D,
        0x1, 0x6942, 0x1, 0x69A3, 0x1, 0x69EA, 0x1, 0x6AA8,
        0x1, 0x236A3, 0x1, 0x6ADB, 0x1, 0x3C18, 0x1, 0x6B21,
        0x1, 0x238A7, 0x1, 0x6B54, 0x1, 0x3C4E, 0x1, 0x6B72,
        0x1, 0x6B9F, 0x1, 0x6BBA, 0x1, 0x6BBB, 0x1, 0x23A8D,
        0x1, 0x21D0B, 0x1, 0x23AFA, 0x1, 0x6C4E, 0x1, 0x23CBC,
        0x1, 0x6CBF, 0x1, 0x6CCD, 0x1, 0x6C67, 0x1, 0x6D16,
        0x1, 0x6D3E, 0x1, 0x6D77, 0x1, 0x6D41, 0x1, 0x6D69,
        0x1, 0x6D78, 0x1, 0x6D85, 0x1, 0x23D1E, 0x1, 0x6D34,
        0x1, 0x6E2F, 0x1, 0x6E6E, 0x1, 0x3D33, 0x1, 0x6ECB,
        0x1, 0x6EC7, 0x1, 0x23ED1, 0x1, 0x6DF9, 0x1, 0x6F6E,
        0x1, 0x23F5E, 0x1, 0x23F8E, 0x1, 0x6FC6, 0x1, 0x7039,
        0x1, 0x701E, 0x1, 0x701B, 0x1, 0x3D96, 0x1, 0x704A,
        0x1, 0x707D, 0x1, 0x7077, 0x1, 0x70AD, 0x1, 0x20525,
        0x1, 0x7145, 0x1, 0x24263, 0x1, 0x719C, 0x1, 0x243AB,
        0x1, 0x7228, 0x1, 0x7235, 0x1, 0x7250, 0x1, 0x24608,
        0x1, 0x7280, 0x1, 0x7295, 0x1, 0x24735, 0x1, 0x24814,
        0x1, 0x737A, 0x1, 0x738B, 0x1, 0x3EAC, 0x1, 0x73A5,
        0x1, 0x3EB8, 0x1, 0x3EB8, 0x1, 0x7447, 0x1, 0x745C,
        0x1, 0x7471, 0x1, 0x7485, 0x1, 0x74CA, 0x1, 0x3F1B,
        0x1, 0x7524, 0x1, 0x24C36, 0x1, 0x753E, 0x1, 0x24C92,
        0x1, 0x7570, 0x1, 0x2219F, 0x1, 0x7610, 0x1, 0x24FA1,
        0x1, 0x24FB8, 0x1, 0x25044, 0x1, 0x3FFC, 0x1, 0x4008,
        0x1, 0x76F4, 0x1, 0x250F3, 0x1, 0x250F2, 0x1, 0x25119,
        0x1, 0x25133, 0x1, 0x771E, 0x1, 0x771F, 0x1, 0x771F,
        0x1, 0x774A, 0x1, 0x4039, 0x1, 0x778B, 0x1, 0x4046,
        0x1, 0x4096, 0x1, 0x2541D, 0x1, 0x784E, 0x1, 0x788C,
        0x1, 0x78CC, 0x1, 0x40E3, 0x1, 0x25626, 0x1, 0x7956,
        0x1, 0x2569A, 0x1, 0x256C5, 0x1, 0x798F, 0x1, 0x79EB,
        0x1, 0x412F, 0x1, 0x7A40, 0x1, 0x7A4A, 0x1, 0x7A4F,
        0x1, 0x2597C, 0x1, 0x25AA7, 0x1, 0x25AA7, 0x1, 0x7AEE,
        0x1, 0x4202, 0x1, 0x25BAB, 0x1, 0x7BC6, 0x1, 0x7BC9,
        0x1, 0x4227, 0x1, 0x25C80, 0x1, 0x7CD2, 0x1, 0x42A0,
        0x1, 0x7CE8, 0x1, 0x7CE3, 0x1, 0x7D00, 0x1, 0x25F86,
        0x1, 0x7D63, 0x1, 0x4301, 0x1, 0x7DC7, 0x1, 0x7E02,
        0x1, 0x7E45, 0x1, 0x4334, 0x1, 0x26228, 0x1, 0x26247,
        0x1, 0x4359, 0x1, 0x262D9, 0x1, 0x7F7A, 0x1, 0x2633E,
        0x1, 0x7F95, 0x1, 0x7FFA, 0x1, 0x8005, 0x1, 0x264DA,
        0x1, 0x26523, 0x1, 0x8060, 0x1, 0x265A8, 0x1, 0x8070,
        0x1, 0x2335F, 0x1, 0x43D5, 0x1, 0x80B2, 0x1, 0x8103,
        0x1, 0x440B, 0x1, 0x813E, 0x1, 0x5AB5, 0x1, 0x267A7,
        0x1, 0x267B5, 0x1, 0x23393, 0x1, 0x2339C, 0x1, 0x8201,
        0x1, 0x8204, 0x1, 0x8F9E, 0x1, 0x446B, 0x1, 0x8291,
        0x1, 0x828B, 0x1, 0x829D, 0x1, 0x52B3, 0x1, 0x82B1,
        0x1, 0x82B3, 0x1, 0x82BD, 0x1, 0x82E6, 0x1, 0x26B3C,
        0x1, 0x82E5, 0x1, 0x831D, 0x1, 0x8363, 0x1, 0x83AD,
        0x1, 0x8323, 0x1, 0x83BD, 0x1, 0x83E7, 0x1, 0x8457,
        0x1, 0x8353, 0x1, 0x83CA, 0x1, 0x83CC, 0x1, 0x83DC,
        0x1, 0x26C36, 0x1, 0x26D6B, 0x1, 0x26CD5, 0x1, 0x452B,
        0x1, 0x84F1, 0x1, 0x84F3, 0x1, 0x8516, 0x1, 0x273CA,
        0x1, 0x8564, 0x1, 0x26F2C, 0x1, 0x455D, 0x1, 0x4561,
        0x1, 0x26FB1, 0x1, 0x270D2, 0x1, 0x456B, 0x1, 0x8650,
        0x1, 0x865C, 0x1, 0x8667, 0x1, 0x8669, 0x1, 0x86A9,
        0x1, 0x8688, 0x1, 0x870E, 0x1, 0x86E2, 0x1, 0x8779,
        0x1, 0x8728, 0x1, 0x876B, 0x1, 0x8786, 0x1, 0x45D7,
        0x1, 0x87E1, 0x1, 0x8801, 0x1, 0x45F9, 0x1, 0x8860,
        0x1, 0x8863, 0x1, 0x27667, 0x1, 0x88D7, 0x1, 0x88DE,
        0x1, 0x4635, 0x1, 0x88FA, 0x1, 0x34BB, 0x1, 0x278AE,
        0x1, 0x27966, 0x1, 0x46BE, 0x1, 0x46C7, 0x1, 0x8AA0,
        0x1, 0x8AED, 0x1, 0x8B8A, 0x1, 0x8C55, 0x1, 0x27CA8,
        0x1, 0x8CAB, 0x1, 0x8CC1, 0x1, 0x8D1B, 0x1, 0x8D77,
        0x1, 0x27F2F, 0x1, 0x20804, 0x1, 0x8DCB, 0x1, 0x8DBC,
        0x1, 0x8DF0, 0x1, 0x208DE, 0x1, 0x8ED4, 0x1, 0x8F38,
        0x1, 0x285D2, 0x1, 0x285ED, 0x1, 0x9094, 0x1, 0x90F1,
        0x1, 0x9111, 0x1, 0x2872E, 0x1, 0x911B, 0x1, 0x9238,
        0x1, 0x92D7, 0x1, 0x92D8, 0x1, 0x927C, 0x1, 0x93F9,
        0x1, 0x9415, 0x1, 0x28BFA, 0x1, 0x958B, 0x1, 0x4995,
        0x1, 0x95B7, 0x1, 0x28D77, 0x1, 0x49E6, 0x1, 0x96C3,
        0x1, 0x5DB2, 0x1, 0x9723, 0x1, 0x29145, 0x1, 0x2921A,
        0x1, 0x4A6E, 0x1, 0x4A76, 0x1, 0x97E0, 0x1, 0x2940A,
        0x1, 0x4AB2, 0x1, 0x29496, 0x1, 0x980B, 0x1, 0x980B,
        0x1, 0x9829, 0x1, 0x295B6, 0x1, 0x98E2, 0x1, 0x4B33,
        0x1, 0x9929, 0x1, 0x99A7, 0x1, 0x99C2, 0x1, 0x99FE,
        0x1, 0x4BCE, 0x1, 0x29B30, 0x1, 0x9B12, 0x1, 0x9C40,
        0x1, 0x9CFD, 0x1, 0x4CCE, 0x1, 0x4CED, 0x1, 0x9D67,
        0x1, 0x2A0CE, 0x1, 0x4CF8, 0x1, 0x2A105, 0x1, 0x2A20E,
        0x1, 0x2A291, 0x1, 0x9EBB, 0x1, 0x4D56, 0x1, 0x9EF9,
        0x1, 0x9EFE, 0x1, 0x9F05, 0x1, 0x9F0F, 0x1, 0x9F16,
        0x1, 0x9F3B, 0x1, 0x2A600,
    ];

    /// <summary>
    /// The pairs that compose: first character, second character, the
    /// composite. Sorted by the pair. Composition exclusions are left
    /// out, as are the Hangul syllables.
    /// </summary>
    public static ReadOnlySpan<uint> Compositions =>
    [
        0x3C, 0x338, 0x226E, 0x3D, 0x338, 0x2260, 0x3E, 0x338,
        0x226F, 0x41, 0x300, 0xC0, 0x41, 0x301, 0xC1, 0x41,
        0x302, 0xC2, 0x41, 0x303, 0xC3, 0x41, 0x304, 0x100,
        0x41, 0x306, 0x102, 0x41, 0x307, 0x226, 0x41, 0x308,
        0xC4, 0x41, 0x309, 0x1EA2, 0x41, 0x30A, 0xC5, 0x41,
        0x30C, 0x1CD, 0x41, 0x30F, 0x200, 0x41, 0x311, 0x202,
        0x41, 0x323, 0x1EA0, 0x41, 0x325, 0x1E00, 0x41, 0x328,
        0x104, 0x42, 0x307, 0x1E02, 0x42, 0x323, 0x1E04, 0x42,
        0x331, 0x1E06, 0x43, 0x301, 0x106, 0x43, 0x302, 0x108,
        0x43, 0x307, 0x10A, 0x43, 0x30C, 0x10C, 0x43, 0x327,
        0xC7, 0x44, 0x307, 0x1E0A, 0x44, 0x30C, 0x10E, 0x44,
        0x323, 0x1E0C, 0x44, 0x327, 0x1E10, 0x44, 0x32D, 0x1E12,
        0x44, 0x331, 0x1E0E, 0x45, 0x300, 0xC8, 0x45, 0x301,
        0xC9, 0x45, 0x302, 0xCA, 0x45, 0x303, 0x1EBC, 0x45,
        0x304, 0x112, 0x45, 0x306, 0x114, 0x45, 0x307, 0x116,
        0x45, 0x308, 0xCB, 0x45, 0x309, 0x1EBA, 0x45, 0x30C,
        0x11A, 0x45, 0x30F, 0x204, 0x45, 0x311, 0x206, 0x45,
        0x323, 0x1EB8, 0x45, 0x327, 0x228, 0x45, 0x328, 0x118,
        0x45, 0x32D, 0x1E18, 0x45, 0x330, 0x1E1A, 0x46, 0x307,
        0x1E1E, 0x47, 0x301, 0x1F4, 0x47, 0x302, 0x11C, 0x47,
        0x304, 0x1E20, 0x47, 0x306, 0x11E, 0x47, 0x307, 0x120,
        0x47, 0x30C, 0x1E6, 0x47, 0x327, 0x122, 0x48, 0x302,
        0x124, 0x48, 0x307, 0x1E22, 0x48, 0x308, 0x1E26, 0x48,
        0x30C, 0x21E, 0x48, 0x323, 0x1E24, 0x48, 0x327, 0x1E28,
        0x48, 0x32E, 0x1E2A, 0x49, 0x300, 0xCC, 0x49, 0x301,
        0xCD, 0x49, 0x302, 0xCE, 0x49, 0x303, 0x128, 0x49,
        0x304, 0x12A, 0x49, 0x306, 0x12C, 0x49, 0x307, 0x130,
        0x49, 0x308, 0xCF, 0x49, 0x309, 0x1EC8, 0x49, 0x30C,
        0x1CF, 0x49, 0x30F, 0x208, 0x49, 0x311, 0x20A, 0x49,
        0x323, 0x1ECA, 0x49, 0x328, 0x12E, 0x49, 0x330, 0x1E2C,
        0x4A, 0x302, 0x134, 0x4B, 0x301, 0x1E30, 0x4B, 0x30C,
        0x1E8, 0x4B, 0x323, 0x1E32, 0x4B, 0x327, 0x136, 0x4B,
        0x331, 0x1E34, 0x4C, 0x301, 0x139, 0x4C, 0x30C, 0x13D,
        0x4C, 0x323, 0x1E36, 0x4C, 0x327, 0x13B, 0x4C, 0x32D,
        0x1E3C, 0x4C, 0x331, 0x1E3A, 0x4D, 0x301, 0x1E3E, 0x4D,
        0x307, 0x1E40, 0x4D, 0x323, 0x1E42, 0x4E, 0x300, 0x1F8,
        0x4E, 0x301, 0x143, 0x4E, 0x303, 0xD1, 0x4E, 0x307,
        0x1E44, 0x4E, 0x30C, 0x147, 0x4E, 0x323, 0x1E46, 0x4E,
        0x327, 0x145, 0x4E, 0x32D, 0x1E4A, 0x4E, 0x331, 0x1E48,
        0x4F, 0x300, 0xD2, 0x4F, 0x301, 0xD3, 0x4F, 0x302,
        0xD4, 0x4F, 0x303, 0xD5, 0x4F, 0x304, 0x14C, 0x4F,
        0x306, 0x14E, 0x4F, 0x307, 0x22E, 0x4F, 0x308, 0xD6,
        0x4F, 0x309, 0x1ECE, 0x4F, 0x30B, 0x150, 0x4F, 0x30C,
        0x1D1, 0x4F, 0x30F, 0x20C, 0x4F, 0x311, 0x20E, 0x4F,
        0x31B, 0x1A0, 0x4F, 0x323, 0x1ECC, 0x4F, 0x328, 0x1EA,
        0x50, 0x301, 0x1E54, 0x50, 0x307, 0x1E56, 0x52, 0x301,
        0x154, 0x52, 0x307, 0x1E58, 0x52, 0x30C, 0x158, 0x52,
        0x30F, 0x210, 0x52, 0x311, 0x212, 0x52, 0x323, 0x1E5A,
        0x52, 0x327, 0x156, 0x52, 0x331, 0x1E5E, 0x53, 0x301,
        0x15A, 0x53, 0x302, 0x15C, 0x53, 0x307, 0x1E60, 0x53,
        0x30C, 0x160, 0x53, 0x323, 0x1E62, 0x53, 0x326, 0x218,
        0x53, 0x327, 0x15E, 0x54, 0x307, 0x1E6A, 0x54, 0x30C,
        0x164, 0x54, 0x323, 0x1E6C, 0x54, 0x326, 0x21A, 0x54,
        0x327, 0x162, 0x54, 0x32D, 0x1E70, 0x54, 0x331, 0x1E6E,
        0x55, 0x300, 0xD9, 0x55, 0x301, 0xDA, 0x55, 0x302,
        0xDB, 0x55, 0x303, 0x168, 0x55, 0x304, 0x16A, 0x55,
        0x306, 0x16C, 0x55, 0x308, 0xDC, 0x55, 0x309, 0x1EE6,
        0x55, 0x30A, 0x16E, 0x55, 0x30B, 0x170, 0x55, 0x30C,
        0x1D3, 0x55, 0x30F, 0x214, 0x55, 0x311, 0x216, 0x55,
        0x31B, 0x1AF, 0x55, 0x323, 0x1EE4, 0x55, 0x324, 0x1E72,
        0x55, 0x328, 0x172, 0x55, 0x32D, 0x1E76, 0x55, 0x330,
        0x1E74, 0x56, 0x303, 0x1E7C, 0x56, 0x323, 0x1E7E, 0x57,
        0x300, 0x1E80, 0x57, 0x301, 0x1E82, 0x57, 0x302, 0x174,
        0x57, 0x307, 0x1E86, 0x57, 0x308, 0x1E84, 0x57, 0x323,
        0x1E88, 0x58, 0x307, 0x1E8A, 0x58, 0x308, 0x1E8C, 0x59,
        0x300, 0x1EF2, 0x59, 0x301, 0xDD, 0x59, 0x302, 0x176,
        0x59, 0x303, 0x1EF8, 0x59, 0x304, 0x232, 0x59, 0x307,
        0x1E8E, 0x59, 0x308, 0x178, 0x59, 0x309, 0x1EF6, 0x59,
        0x323, 0x1EF4, 0x5A, 0x301, 0x179, 0x5A, 0x302, 0x1E90,
        0x5A, 0x307, 0x17B, 0x5A, 0x30C, 0x17D, 0x5A, 0x323,
        0x1E92, 0x5A, 0x331, 0x1E94, 0x61, 0x300, 0xE0, 0x61,
        0x301, 0xE1, 0x61, 0x302, 0xE2, 0x61, 0x303, 0xE3,
        0x61, 0x304, 0x101, 0x61, 0x306, 0x103, 0x61, 0x307,
        0x227, 0x61, 0x308, 0xE4, 0x61, 0x309, 0x1EA3, 0x61,
        0x30A, 0xE5, 0x61, 0x30C, 0x1CE, 0x61, 0x30F, 0x201,
        0x61, 0x311, 0x203, 0x61, 0x323, 0x1EA1, 0x61, 0x325,
        0x1E01, 0x61, 0x328, 0x105, 0x62, 0x307, 0x1E03, 0x62,
        0x323, 0x1E05, 0x62, 0x331, 0x1E07, 0x63, 0x301, 0x107,
        0x63, 0x302, 0x109, 0x63, 0x307, 0x10B, 0x63, 0x30C,
        0x10D, 0x63, 0x327, 0xE7, 0x64, 0x307, 0x1E0B, 0x64,
        0x30C, 0x10F, 0x64, 0x323, 0x1E0D, 0x64, 0x327, 0x1E11,
        0x64, 0x32D, 0x1E13, 0x64, 0x331, 0x1E0F, 0x65, 0x300,
        0xE8, 0x65, 0x301, 0xE9, 0x65, 0x302, 0xEA, 0x65,
        0x303, 0x1EBD, 0x65, 0x304, 0x113, 0x65, 0x306, 0x115,
        0x65, 0x307, 0x117, 0x65, 0x308, 0xEB, 0x65, 0x309,
        0x1EBB, 0x65, 0x30C, 0x11B, 0x65, 0x30F, 0x205, 0x65,
        0x311, 0x207, 0x65, 0x323, 0x1EB9, 0x65, 0x327, 0x229,
        0x65, 0x328, 0x119, 0x65, 0x32D, 0x1E19, 0x65, 0x330,
        0x1E1B, 0x66, 0x307, 0x1E1F, 0x67, 0x301, 0x1F5, 0x67,
        0x302, 0x11D, 0x67, 0x304, 0x1E21, 0x67, 0x306, 0x11F,
        0x67, 0x307, 0x121, 0x67, 0x30C, 0x1E7, 0x67, 0x327,
        0x123, 0x68, 0x302, 0x125, 0x68, 0x307, 0x1E23, 0x68,
        0x308, 0x1E27, 0x68, 0x30C, 0x21F, 0x68, 0x323, 0x1E25,
        0x68, 0x327, 0x1E29, 0x68, 0x32E, 0x1E2B, 0x68, 0x331,
        0x1E96, 0x69, 0x300, 0xEC, 0x69, 0x301, 0xED, 0x69,
        0x302, 0xEE, 0x69, 0x303, 0x129, 0x69, 0x304, 0x12B,
        0x69, 0x306, 0x12D, 0x69, 0x308, 0xEF, 0x69, 0x309,
        0x1EC9, 0x69, 0x30C, 0x1D0, 0x69, 0x30F, 0x209, 0x69,
        0x311, 0x20B, 0x69, 0x323, 0x1ECB, 0x69, 0x328, 0x12F,
        0x69, 0x330, 0x1E2D, 0x6A, 0x302, 0x135, 0x6A, 0x30C,
        0x1F0, 0x6B, 0x301, 0x1E31, 0x6B, 0x30C, 0x1E9, 0x6B,
        0x323, 0x1E33, 0x6B, 0x327, 0x137, 0x6B, 0x331, 0x1E35,
        0x6C, 0x301, 0x13A, 0x6C, 0x30C, 0x13E, 0x6C, 0x323,
        0x1E37, 0x6C, 0x327, 0x13C, 0x6C, 0x32D, 0x1E3D, 0x6C,
        0x331, 0x1E3B, 0x6D, 0x301, 0x1E3F, 0x6D, 0x307, 0x1E41,
        0x6D, 0x323, 0x1E43, 0x6E, 0x300, 0x1F9, 0x6E, 0x301,
        0x144, 0x6E, 0x303, 0xF1, 0x6E, 0x307, 0x1E45, 0x6E,
        0x30C, 0x148, 0x6E, 0x323, 0x1E47, 0x6E, 0x327, 0x146,
        0x6E, 0x32D, 0x1E4B, 0x6E, 0x331, 0x1E49, 0x6F, 0x300,
        0xF2, 0x6F, 0x301, 0xF3, 0x6F, 0x302, 0xF4, 0x6F,
        0x303, 0xF5, 0x6F, 0x304, 0x14D, 0x6F, 0x306, 0x14F,
        0x6F, 0x307, 0x22F, 0x6F, 0x308, 0xF6, 0x6F, 0x309,
        0x1ECF, 0x6F, 0x30B, 0x151, 0x6F, 0x30C, 0x1D2, 0x6F,
        0x30F, 0x20D, 0x6F, 0x311, 0x20F, 0x6F, 0x31B, 0x1A1,
        0x6F, 0x323, 0x1ECD, 0x6F, 0x328, 0x1EB, 0x70, 0x301,
        0x1E55, 0x70, 0x307, 0x1E57, 0x72, 0x301, 0x155, 0x72,
        0x307, 0x1E59, 0x72, 0x30C, 0x159, 0x72, 0x30F, 0x211,
        0x72, 0x311, 0x213, 0x72, 0x323, 0x1E5B, 0x72, 0x327,
        0x157, 0x72, 0x331, 0x1E5F, 0x73, 0x301, 0x15B, 0x73,
        0x302, 0x15D, 0x73, 0x307, 0x1E61, 0x73, 0x30C, 0x161,
        0x73, 0x323, 0x1E63, 0x73, 0x326, 0x219, 0x73, 0x327,
        0x15F, 0x74, 0x307, 0x1E6B, 0x74, 0x308, 0x1E97, 0x74,
        0x30C, 0x165, 0x74, 0x323, 0x1E6D, 0x74, 0x326, 0x21B,
        0x74, 0x327, 0x163, 0x74, 0x32D, 0x1E71, 0x74, 0x331,
        0x1E6F, 0x75, 0x300, 0xF9, 0x75, 0x301, 0xFA, 0x75,
        0x302, 0xFB, 0x75, 0x303, 0x169, 0x75, 0x304, 0x16B,
        0x75, 0x306, 0x16D, 0x75, 0x308, 0xFC, 0x75, 0x309,
        0x1EE7, 0x75, 0x30A, 0x16F, 0x75, 0x30B, 0x171, 0x75,
        0x30C, 0x1D4, 0x75, 0x30F, 0x215, 0x75, 0x311, 0x217,
        0x75, 0x31B, 0x1B0, 0x75, 0x323, 0x1EE5, 0x75, 0x324,
        0x1E73, 0x75, 0x328, 0x173, 0x75, 0x32D, 0x1E77, 0x75,
        0x330, 0x1E75, 0x76, 0x303, 0x1E7D, 0x76, 0x323, 0x1E7F,
        0x77, 0x300, 0x1E81, 0x77, 0x301, 0x1E83, 0x77, 0x302,
        0x175, 0x77, 0x307, 0x1E87, 0x77, 0x308, 0x1E85, 0x77,
        0x30A, 0x1E98, 0x77, 0x323, 0x1E89, 0x78, 0x307, 0x1E8B,
        0x78, 0x308, 0x1E8D, 0x79, 0x300, 0x1EF3, 0x79, 0x301,
        0xFD, 0x79, 0x302, 0x177, 0x79, 0x303, 0x1EF9, 0x79,
        0x304, 0x233, 0x79, 0x307, 0x1E8F, 0x79, 0x308, 0xFF,
        0x79, 0x309, 0x1EF7, 0x79, 0x30A, 0x1E99, 0x79, 0x323,
        0x1EF5, 0x7A, 0x301, 0x17A, 0x7A, 0x302, 0x1E91, 0x7A,
        0x307, 0x17C, 0x7A, 0x30C, 0x17E, 0x7A, 0x323, 0x1E93,
        0x7A, 0x331, 0x1E95, 0xA8, 0x300, 0x1FED, 0xA8, 0x301,
        0x385, 0xA8, 0x342, 0x1FC1, 0xC2, 0x300, 0x1EA6, 0xC2,
        0x301, 0x1EA4, 0xC2, 0x303, 0x1EAA, 0xC2, 0x309, 0x1EA8,
        0xC4, 0x304, 0x1DE, 0xC5, 0x301, 0x1FA, 0xC6, 0x301,
        0x1FC, 0xC6, 0x304, 0x1E2, 0xC7, 0x301, 0x1E08, 0xCA,
        0x300, 0x1EC0, 0xCA, 0x301, 0x1EBE, 0xCA, 0x303, 0x1EC4,
        0xCA, 0x309, 0x1EC2, 0xCF, 0x301, 0x1E2E, 0xD4, 0x300,
        0x1ED2, 0xD4, 0x301, 0x1ED0, 0xD4, 0x303, 0x1ED6, 0xD4,
        0x309, 0x1ED4, 0xD5, 0x301, 0x1E4C, 0xD5, 0x304, 0x22C,
        0xD5, 0x308, 0x1E4E, 0xD6, 0x304, 0x22A, 0xD8, 0x301,
        0x1FE, 0xDC, 0x300, 0x1DB, 0xDC, 0x301, 0x1D7, 0xDC,
        0x304, 0x1D5, 0xDC, 0x30C, 0x1D9, 0xE2, 0x300, 0x1EA7,
        0xE2, 0x301, 0x1EA5, 0xE2, 0x303, 0x1EAB, 0xE2, 0x309,
        0x1EA9, 0xE4, 0x304, 0x1DF, 0xE5, 0x301, 0x1FB, 0xE6,
        0x301, 0x1FD, 0xE6, 0x304, 0x1E3, 0xE7, 0x301, 0x1E09,
        0xEA, 0x300, 0x1EC1, 0xEA, 0x301, 0x1EBF, 0xEA, 0x303,
        0x1EC5, 0xEA, 0x309, 0x1EC3, 0xEF, 0x301, 0x1E2F, 0xF4,
        0x300, 0x1ED3, 0xF4, 0x301, 0x1ED1, 0xF4, 0x303, 0x1ED7,
        0xF4, 0x309, 0x1ED5, 0xF5, 0x301, 0x1E4D, 0xF5, 0x304,
        0x22D, 0xF5, 0x308, 0x1E4F, 0xF6, 0x304, 0x22B, 0xF8,
        0x301, 0x1FF, 0xFC, 0x300, 0x1DC, 0xFC, 0x301, 0x1D8,
        0xFC, 0x304, 0x1D6, 0xFC, 0x30C, 0x1DA, 0x102, 0x300,
        0x1EB0, 0x102, 0x301, 0x1EAE, 0x102, 0x303, 0x1EB4, 0x102,
        0x309, 0x1EB2, 0x103, 0x300, 0x1EB1, 0x103, 0x301, 0x1EAF,
        0x103, 0x303, 0x1EB5, 0x103, 0x309, 0x1EB3, 0x112, 0x300,
        0x1E14, 0x112, 0x301, 0x1E16, 0x113, 0x300, 0x1E15, 0x113,
        0x301, 0x1E17, 0x14C, 0x300, 0x1E50, 0x14C, 0x301, 0x1E52,
        0x14D, 0x300, 0x1E51, 0x14D, 0x301, 0x1E53, 0x15A, 0x307,
        0x1E64, 0x15B, 0x307, 0x1E65, 0x160, 0x307, 0x1E66, 0x161,
        0x307, 0x1E67, 0x168, 0x301, 0x1E78, 0x169, 0x301, 0x1E79,
        0x16A, 0x308, 0x1E7A, 0x16B, 0x308, 0x1E7B, 0x17F, 0x307,
        0x1E9B, 0x1A0, 0x300, 0x1EDC, 0x1A0, 0x301, 0x1EDA, 0x1A0,
        0x303, 0x1EE0, 0x1A0, 0x309, 0x1EDE, 0x1A0, 0x323, 0x1EE2,
        0x1A1, 0x300, 0x1EDD, 0x1A1, 0x301, 0x1EDB, 0x1A1, 0x303,
        0x1EE1, 0x1A1, 0x309, 0x1EDF, 0x1A1, 0x323, 0x1EE3, 0x1AF,
        0x300, 0x1EEA, 0x1AF, 0x301, 0x1EE8, 0x1AF, 0x303, 0x1EEE,
        0x1AF, 0x309, 0x1EEC, 0x1AF, 0x323, 0x1EF0, 0x1B0, 0x300,
        0x1EEB, 0x1B0, 0x301, 0x1EE9, 0x1B0, 0x303, 0x1EEF, 0x1B0,
        0x309, 0x1EED, 0x1B0, 0x323, 0x1EF1, 0x1B7, 0x30C, 0x1EE,
        0x1EA, 0x304, 0x1EC, 0x1EB, 0x304, 0x1ED, 0x226, 0x304,
        0x1E0, 0x227, 0x304, 0x1E1, 0x228, 0x306, 0x1E1C, 0x229,
        0x306, 0x1E1D, 0x22E, 0x304, 0x230, 0x22F, 0x304, 0x231,
        0x292, 0x30C, 0x1EF, 0x391, 0x300, 0x1FBA, 0x391, 0x301,
        0x386, 0x391, 0x304, 0x1FB9, 0x391, 0x306, 0x1FB8, 0x391,
        0x313, 0x1F08, 0x391, 0x314, 0x1F09, 0x391, 0x345, 0x1FBC,
        0x395, 0x300, 0x1FC8, 0x395, 0x301, 0x388, 0x395, 0x313,
        0x1F18, 0x395, 0x314, 0x1F19, 0x397, 0x300, 0x1FCA, 0x397,
        0x301, 0x389, 0x397, 0x313, 0x1F28, 0x397, 0x314, 0x1F29,
        0x397, 0x345, 0x1FCC, 0x399, 0x300, 0x1FDA, 0x399, 0x301,
        0x38A, 0x399, 0x304, 0x1FD9, 0x399, 0x306, 0x1FD8, 0x399,
        0x308, 0x3AA, 0x399, 0x313, 0x1F38, 0x399, 0x314, 0x1F39,
        0x39F, 0x300, 0x1FF8, 0x39F, 0x301, 0x38C, 0x39F, 0x313,
        0x1F48, 0x39F, 0x314, 0x1F49, 0x3A1, 0x314, 0x1FEC, 0x3A5,
        0x300, 0x1FEA, 0x3A5, 0x301, 0x38E, 0x3A5, 0x304, 0x1FE9,
        0x3A5, 0x306, 0x1FE8, 0x3A5, 0x308, 0x3AB, 0x3A5, 0x314,
        0x1F59, 0x3A9, 0x300, 0x1FFA, 0x3A9, 0x301, 0x38F, 0x3A9,
        0x313, 0x1F68, 0x3A9, 0x314, 0x1F69, 0x3A9, 0x345, 0x1FFC,
        0x3AC, 0x345, 0x1FB4, 0x3AE, 0x345, 0x1FC4, 0x3B1, 0x300,
        0x1F70, 0x3B1, 0x301, 0x3AC, 0x3B1, 0x304, 0x1FB1, 0x3B1,
        0x306, 0x1FB0, 0x3B1, 0x313, 0x1F00, 0x3B1, 0x314, 0x1F01,
        0x3B1, 0x342, 0x1FB6, 0x3B1, 0x345, 0x1FB3, 0x3B5, 0x300,
        0x1F72, 0x3B5, 0x301, 0x3AD, 0x3B5, 0x313, 0x1F10, 0x3B5,
        0x314, 0x1F11, 0x3B7, 0x300, 0x1F74, 0x3B7, 0x301, 0x3AE,
        0x3B7, 0x313, 0x1F20, 0x3B7, 0x314, 0x1F21, 0x3B7, 0x342,
        0x1FC6, 0x3B7, 0x345, 0x1FC3, 0x3B9, 0x300, 0x1F76, 0x3B9,
        0x301, 0x3AF, 0x3B9, 0x304, 0x1FD1, 0x3B9, 0x306, 0x1FD0,
        0x3B9, 0x308, 0x3CA, 0x3B9, 0x313, 0x1F30, 0x3B9, 0x314,
        0x1F31, 0x3B9, 0x342, 0x1FD6, 0x3BF, 0x300, 0x1F78, 0x3BF,
        0x301, 0x3CC, 0x3BF, 0x313, 0x1F40, 0x3BF, 0x314, 0x1F41,
        0x3C1, 0x313, 0x1FE4, 0x3C1, 0x314, 0x1FE5, 0x3C5, 0x300,
        0x1F7A, 0x3C5, 0x301, 0x3CD, 0x3C5, 0x304, 0x1FE1, 0x3C5,
        0x306, 0x1FE0, 0x3C5, 0x308, 0x3CB, 0x3C5, 0x313, 0x1F50,
        0x3C5, 0x314, 0x1F51, 0x3C5, 0x342, 0x1FE6, 0x3C9, 0x300,
        0x1F7C, 0x3C9, 0x301, 0x3CE, 0x3C9, 0x313, 0x1F60, 0x3C9,
        0x314, 0x1F61, 0x3C9, 0x342, 0x1FF6, 0x3C9, 0x345, 0x1FF3,
        0x3CA, 0x300, 0x1FD2, 0x3CA, 0x301, 0x390, 0x3CA, 0x342,
        0x1FD7, 0x3CB, 0x300, 0x1FE2, 0x3CB, 0x301, 0x3B0, 0x3CB,
        0x342, 0x1FE7, 0x3CE, 0x345, 0x1FF4, 0x3D2, 0x301, 0x3D3,
        0x3D2, 0x308, 0x3D4, 0x406, 0x308, 0x407, 0x410, 0x306,
        0x4D0, 0x410, 0x308, 0x4D2, 0x413, 0x301, 0x403, 0x415,
        0x300, 0x400, 0x415, 0x306, 0x4D6, 0x415, 0x308, 0x401,
        0x416, 0x306, 0x4C1, 0x416, 0x308, 0x4DC, 0x417, 0x308,
        0x4DE, 0x418, 0x300, 0x40D, 0x418, 0x304, 0x4E2, 0x418,
        0x306, 0x419, 0x418, 0x308, 0x4E4, 0x41A, 0x301, 0x40C,
        0x41E, 0x308, 0x4E6, 0x423, 0x304, 0x4EE, 0x423, 0x306,
        0x40E, 0x423, 0x308, 0x4F0, 0x423, 0x30B, 0x4F2, 0x427,
        0x308, 0x4F4, 0x42B, 0x308, 0x4F8, 0x42D, 0x308, 0x4EC,
        0x430, 0x306, 0x4D1, 0x430, 0x308, 0x4D3, 0x433, 0x301,
        0x453, 0x435, 0x300, 0x450, 0x435, 0x306, 0x4D7, 0x435,
        0x308, 0x451, 0x436, 0x306, 0x4C2, 0x436, 0x308, 0x4DD,
        0x437, 0x308, 0x4DF, 0x438, 0x300, 0x45D, 0x438, 0x304,
        0x4E3, 0x438, 0x306, 0x439, 0x438, 0x308, 0x4E5, 0x43A,
        0x301, 0x45C, 0x43E, 0x308, 0x4E7, 0x443, 0x304, 0x4EF,
        0x443, 0x306, 0x45E, 0x443, 0x308, 0x4F1, 0x443, 0x30B,
        0x4F3, 0x447, 0x308, 0x4F5, 0x44B, 0x308, 0x4F9, 0x44D,
        0x308, 0x4ED, 0x456, 0x308, 0x457, 0x474, 0x30F, 0x476,
        0x475, 0x30F, 0x477, 0x4D8, 0x308, 0x4DA, 0x4D9, 0x308,
        0x4DB, 0x4E8, 0x308, 0x4EA, 0x4E9, 0x308, 0x4EB, 0x627,
        0x653, 0x622, 0x627, 0x654, 0x623, 0x627, 0x655, 0x625,
        0x648, 0x654, 0x624, 0x64A, 0x654, 0x626, 0x6C1, 0x654,
        0x6C2, 0x6D2, 0x654, 0x6D3, 0x6D5, 0x654, 0x6C0, 0x928,
        0x93C, 0x929, 0x930, 0x93C, 0x931, 0x933, 0x93C, 0x934,
        0x9C7, 0x9BE, 0x9CB, 0x9C7, 0x9D7, 0x9CC, 0xB47, 0xB3E,
        0xB4B, 0xB47, 0xB56, 0xB48, 0xB47, 0xB57, 0xB4C, 0xB92,
        0xBD7, 0xB94, 0xBC6, 0xBBE, 0xBCA, 0xBC6, 0xBD7, 0xBCC,
        0xBC7, 0xBBE, 0xBCB, 0xC46, 0xC56, 0xC48, 0xCBF, 0xCD5,
        0xCC0, 0xCC6, 0xCC2, 0xCCA, 0xCC6, 0xCD5, 0xCC7, 0xCC6,
        0xCD6, 0xCC8, 0xCCA, 0xCD5, 0xCCB, 0xD46, 0xD3E, 0xD4A,
        0xD46, 0xD57, 0xD4C, 0xD47, 0xD3E, 0xD4B, 0xDD9, 0xDCA,
        0xDDA, 0xDD9, 0xDCF, 0xDDC, 0xDD9, 0xDDF, 0xDDE, 0xDDC,
        0xDCA, 0xDDD, 0x1025, 0x102E, 0x1026, 0x1B05, 0x1B35, 0x1B06,
        0x1B07, 0x1B35, 0x1B08, 0x1B09, 0x1B35, 0x1B0A, 0x1B0B, 0x1B35,
        0x1B0C, 0x1B0D, 0x1B35, 0x1B0E, 0x1B11, 0x1B35, 0x1B12, 0x1B3A,
        0x1B35, 0x1B3B, 0x1B3C, 0x1B35, 0x1B3D, 0x1B3E, 0x1B35, 0x1B40,
        0x1B3F, 0x1B35, 0x1B41, 0x1B42, 0x1B35, 0x1B43, 0x1E36, 0x304,
        0x1E38, 0x1E37, 0x304, 0x1E39, 0x1E5A, 0x304, 0x1E5C, 0x1E5B,
        0x304, 0x1E5D, 0x1E62, 0x307, 0x1E68, 0x1E63, 0x307, 0x1E69,
        0x1EA0, 0x302, 0x1EAC, 0x1EA0, 0x306, 0x1EB6, 0x1EA1, 0x302,
        0x1EAD, 0x1EA1, 0x306, 0x1EB7, 0x1EB8, 0x302, 0x1EC6, 0x1EB9,
        0x302, 0x1EC7, 0x1ECC, 0x302, 0x1ED8, 0x1ECD, 0x302, 0x1ED9,
        0x1F00, 0x300, 0x1F02, 0x1F00, 0x301, 0x1F04, 0x1F00, 0x342,
        0x1F06, 0x1F00, 0x345, 0x1F80, 0x1F01, 0x300, 0x1F03, 0x1F01,
        0x301, 0x1F05, 0x1F01, 0x342, 0x1F07, 0x1F01, 0x345, 0x1F81,
        0x1F02, 0x345, 0x1F82, 0x1F03, 0x345, 0x1F83, 0x1F04, 0x345,
        0x1F84, 0x1F05, 0x345, 0x1F85, 0x1F06, 0x345, 0x1F86, 0x1F07,
        0x345, 0x1F87, 0x1F08, 0x300, 0x1F0A, 0x1F08, 0x301, 0x1F0C,
        0x1F08, 0x342, 0x1F0E, 0x1F08, 0x345, 0x1F88, 0x1F09, 0x300,
        0x1F0B, 0x1F09, 0x301, 0x1F0D, 0x1F09, 0x342, 0x1F0F, 0x1F09,
        0x345, 0x1F89, 0x1F0A, 0x345, 0x1F8A, 0x1F0B, 0x345, 0x1F8B,
        0x1F0C, 0x345, 0x1F8C, 0x1F0D, 0x345, 0x1F8D, 0x1F0E, 0x345,
        0x1F8E, 0x1F0F, 0x345, 0x1F8F, 0x1F10, 0x300, 0x1F12, 0x1F10,
        0x301, 0x1F14, 0x1F11, 0x300, 0x1F13, 0x1F11, 0x301, 0x1F15,
        0x1F18, 0x300, 0x1F1A, 0x1F18, 0x301, 0x1F1C, 0x1F19, 0x300,
        0x1F1B, 0x1F19, 0x301, 0x1F1D, 0x1F20, 0x300, 0x1F22, 0x1F20,
        0x301, 0x1F24, 0x1F20, 0x342, 0x1F26, 0x1F20, 0x345, 0x1F90,
        0x1F21, 0x300, 0x1F23, 0x1F21, 0x301, 0x1F25, 0x1F21, 0x342,
        0x1F27, 0x1F21, 0x345, 0x1F91, 0x1F22, 0x345, 0x1F92, 0x1F23,
        0x345, 0x1F93, 0x1F24, 0x345, 0x1F94, 0x1F25, 0x345, 0x1F95,
        0x1F26, 0x345, 0x1F96, 0x1F27, 0x345, 0x1F97, 0x1F28, 0x300,
        0x1F2A, 0x1F28, 0x301, 0x1F2C, 0x1F28, 0x342, 0x1F2E, 0x1F28,
        0x345, 0x1F98, 0x1F29, 0x300, 0x1F2B, 0x1F29, 0x301, 0x1F2D,
        0x1F29, 0x342, 0x1F2F, 0x1F29, 0x345, 0x1F99, 0x1F2A, 0x345,
        0x1F9A, 0x1F2B, 0x345, 0x1F9B, 0x1F2C, 0x345, 0x1F9C, 0x1F2D,
        0x345, 0x1F9D, 0x1F2E, 0x345, 0x1F9E, 0x1F2F, 0x345, 0x1F9F,
        0x1F30, 0x300, 0x1F32, 0x1F30, 0x301, 0x1F34, 0x1F30, 0x342,
        0x1F36, 0x1F31, 0x300, 0x1F33, 0x1F31, 0x301, 0x1F35, 0x1F31,
        0x342, 0x1F37, 0x1F38, 0x300, 0x1F3A, 0x1F38, 0x301, 0x1F3C,
        0x1F38, 0x342, 0x1F3E, 0x1F39, 0x300, 0x1F3B, 0x1F39, 0x301,
        0x1F3D, 0x1F39, 0x342, 0x1F3F, 0x1F40, 0x300, 0x1F42, 0x1F40,
        0x301, 0x1F44, 0x1F41, 0x300, 0x1F43, 0x1F41, 0x301, 0x1F45,
        0x1F48, 0x300, 0x1F4A, 0x1F48, 0x301, 0x1F4C, 0x1F49, 0x300,
        0x1F4B, 0x1F49, 0x301, 0x1F4D, 0x1F50, 0x300, 0x1F52, 0x1F50,
        0x301, 0x1F54, 0x1F50, 0x342, 0x1F56, 0x1F51, 0x300, 0x1F53,
        0x1F51, 0x301, 0x1F55, 0x1F51, 0x342, 0x1F57, 0x1F59, 0x300,
        0x1F5B, 0x1F59, 0x301, 0x1F5D, 0x1F59, 0x342, 0x1F5F, 0x1F60,
        0x300, 0x1F62, 0x1F60, 0x301, 0x1F64, 0x1F60, 0x342, 0x1F66,
        0x1F60, 0x345, 0x1FA0, 0x1F61, 0x300, 0x1F63, 0x1F61, 0x301,
        0x1F65, 0x1F61, 0x342, 0x1F67, 0x1F61, 0x345, 0x1FA1, 0x1F62,
        0x345, 0x1FA2, 0x1F63, 0x345, 0x1FA3, 0x1F64, 0x345, 0x1FA4,
        0x1F65, 0x345, 0x1FA5, 0x1F66, 0x345, 0x1FA6, 0x1F67, 0x345,
        0x1FA7, 0x1F68, 0x300, 0x1F6A, 0x1F68, 0x301, 0x1F6C, 0x1F68,
        0x342, 0x1F6E, 0x1F68, 0x345, 0x1FA8, 0x1F69, 0x300, 0x1F6B,
        0x1F69, 0x301, 0x1F6D, 0x1F69, 0x342, 0x1F6F, 0x1F69, 0x345,
        0x1FA9, 0x1F6A, 0x345, 0x1FAA, 0x1F6B, 0x345, 0x1FAB, 0x1F6C,
        0x345, 0x1FAC, 0x1F6D, 0x345, 0x1FAD, 0x1F6E, 0x345, 0x1FAE,
        0x1F6F, 0x345, 0x1FAF, 0x1F70, 0x345, 0x1FB2, 0x1F74, 0x345,
        0x1FC2, 0x1F7C, 0x345, 0x1FF2, 0x1FB6, 0x345, 0x1FB7, 0x1FBF,
        0x300, 0x1FCD, 0x1FBF, 0x301, 0x1FCE, 0x1FBF, 0x342, 0x1FCF,
        0x1FC6, 0x345, 0x1FC7, 0x1FF6, 0x345, 0x1FF7, 0x1FFE, 0x300,
        0x1FDD, 0x1FFE, 0x301, 0x1FDE, 0x1FFE, 0x342, 0x1FDF, 0x2190,
        0x338, 0x219A, 0x2192, 0x338, 0x219B, 0x2194, 0x338, 0x21AE,
        0x21D0, 0x338, 0x21CD, 0x21D2, 0x338, 0x21CF, 0x21D4, 0x338,
        0x21CE, 0x2203, 0x338, 0x2204, 0x2208, 0x338, 0x2209, 0x220B,
        0x338, 0x220C, 0x2223, 0x338, 0x2224, 0x2225, 0x338, 0x2226,
        0x223C, 0x338, 0x2241, 0x2243, 0x338, 0x2244, 0x2245, 0x338,
        0x2247, 0x2248, 0x338, 0x2249, 0x224D, 0x338, 0x226D, 0x2261,
        0x338, 0x2262, 0x2264, 0x338, 0x2270, 0x2265, 0x338, 0x2271,
        0x2272, 0x338, 0x2274, 0x2273, 0x338, 0x2275, 0x2276, 0x338,
        0x2278, 0x2277, 0x338, 0x2279, 0x227A, 0x338, 0x2280, 0x227B,
        0x338, 0x2281, 0x227C, 0x338, 0x22E0, 0x227D, 0x338, 0x22E1,
        0x2282, 0x338, 0x2284, 0x2283, 0x338, 0x2285, 0x2286, 0x338,
        0x2288, 0x2287, 0x338, 0x2289, 0x2291, 0x338, 0x22E2, 0x2292,
        0x338, 0x22E3, 0x22A2, 0x338, 0x22AC, 0x22A8, 0x338, 0x22AD,
        0x22A9, 0x338, 0x22AE, 0x22AB, 0x338, 0x22AF, 0x22B2, 0x338,
        0x22EA, 0x22B3, 0x338, 0x22EB, 0x22B4, 0x338, 0x22EC, 0x22B5,
        0x338, 0x22ED, 0x3046, 0x3099, 0x3094, 0x304B, 0x3099, 0x304C,
        0x304D, 0x3099, 0x304E, 0x304F, 0x3099, 0x3050, 0x3051, 0x3099,
        0x3052, 0x3053, 0x3099, 0x3054, 0x3055, 0x3099, 0x3056, 0x3057,
        0x3099, 0x3058, 0x3059, 0x3099, 0x305A, 0x305B, 0x3099, 0x305C,
        0x305D, 0x3099, 0x305E, 0x305F, 0x3099, 0x3060, 0x3061, 0x3099,
        0x3062, 0x3064, 0x3099, 0x3065, 0x3066, 0x3099, 0x3067, 0x3068,
        0x3099, 0x3069, 0x306F, 0x3099, 0x3070, 0x306F, 0x309A, 0x3071,
        0x3072, 0x3099, 0x3073, 0x3072, 0x309A, 0x3074, 0x3075, 0x3099,
        0x3076, 0x3075, 0x309A, 0x3077, 0x3078, 0x3099, 0x3079, 0x3078,
        0x309A, 0x307A, 0x307B, 0x3099, 0x307C, 0x307B, 0x309A, 0x307D,
        0x309D, 0x3099, 0x309E, 0x30A6, 0x3099, 0x30F4, 0x30AB, 0x3099,
        0x30AC, 0x30AD, 0x3099, 0x30AE, 0x30AF, 0x3099, 0x30B0, 0x30B1,
        0x3099, 0x30B2, 0x30B3, 0x3099, 0x30B4, 0x30B5, 0x3099, 0x30B6,
        0x30B7, 0x3099, 0x30B8, 0x30B9, 0x3099, 0x30BA, 0x30BB, 0x3099,
        0x30BC, 0x30BD, 0x3099, 0x30BE, 0x30BF, 0x3099, 0x30C0, 0x30C1,
        0x3099, 0x30C2, 0x30C4, 0x3099, 0x30C5, 0x30C6, 0x3099, 0x30C7,
        0x30C8, 0x3099, 0x30C9, 0x30CF, 0x3099, 0x30D0, 0x30CF, 0x309A,
        0x30D1, 0x30D2, 0x3099, 0x30D3, 0x30D2, 0x309A, 0x30D4, 0x30D5,
        0x3099, 0x30D6, 0x30D5, 0x309A, 0x30D7, 0x30D8, 0x3099, 0x30D9,
        0x30D8, 0x309A, 0x30DA, 0x30DB, 0x3099, 0x30DC, 0x30DB, 0x309A,
        0x30DD, 0x30EF, 0x3099, 0x30F7, 0x30F0, 0x3099, 0x30F8, 0x30F1,
        0x3099, 0x30F9, 0x30F2, 0x3099, 0x30FA, 0x30FD, 0x3099, 0x30FE,
        0x105D2, 0x307, 0x105C9, 0x105DA, 0x307, 0x105E4, 0x11099, 0x110BA,
        0x1109A, 0x1109B, 0x110BA, 0x1109C, 0x110A5, 0x110BA, 0x110AB, 0x11131,
        0x11127, 0x1112E, 0x11132, 0x11127, 0x1112F, 0x11347, 0x1133E, 0x1134B,
        0x11347, 0x11357, 0x1134C, 0x11382, 0x113C9, 0x11383, 0x11384, 0x113BB,
        0x11385, 0x1138B, 0x113C2, 0x1138E, 0x11390, 0x113C9, 0x11391, 0x113C2,
        0x113B8, 0x113C7, 0x113C2, 0x113C2, 0x113C5, 0x113C2, 0x113C9, 0x113C8,
        0x114B9, 0x114B0, 0x114BC, 0x114B9, 0x114BA, 0x114BB, 0x114B9, 0x114BD,
        0x114BE, 0x115B8, 0x115AF, 0x115BA, 0x115B9, 0x115AF, 0x115BB, 0x11935,
        0x11930, 0x11938, 0x1611E, 0x1611E, 0x16121, 0x1611E, 0x1611F, 0x16123,
        0x1611E, 0x16120, 0x16125, 0x1611E, 0x16129, 0x16122, 0x16121, 0x1611F,
        0x16126, 0x16121, 0x16120, 0x16128, 0x16122, 0x1611F, 0x16127, 0x16129,
        0x1611F, 0x16124, 0x16D63, 0x16D67, 0x16D69, 0x16D67, 0x16D67, 0x16D68,
        0x16D69, 0x16D67, 0x16D6A,
    ];

    /// <summary>
    /// Characters whose full case mappings differ from the one-to-one
    /// ones the runtime has: character, then offsets into
    /// <see cref="SpecialCaseParts"/> for the upper, lower, and title
    /// mappings. Sorted by character. A mapping that is not there is
    /// the runtime's, and a title mapping that is not there is the
    /// upper one.
    /// </summary>
    public static ReadOnlySpan<uint> SpecialCases =>
    [
        0xDF, 0x1, 0x0, 0x4, 0x130, 0x0, 0x7, 0x0,
        0x131, 0xA, 0x0, 0x0, 0x149, 0xC, 0x0, 0x0,
        0x17F, 0xF, 0x0, 0x0, 0x1C4, 0x0, 0x0, 0x11,
        0x1C5, 0x0, 0x0, 0x13, 0x1C6, 0x0, 0x0, 0x15,
        0x1C7, 0x0, 0x0, 0x17, 0x1C8, 0x0, 0x0, 0x19,
        0x1C9, 0x0, 0x0, 0x1B, 0x1CA, 0x0, 0x0, 0x1D,
        0x1CB, 0x0, 0x0, 0x1F, 0x1CC, 0x0, 0x0, 0x21,
        0x1F0, 0x23, 0x0, 0x0, 0x1F1, 0x0, 0x0, 0x26,
        0x1F2, 0x0, 0x0, 0x28, 0x1F3, 0x0, 0x0, 0x2A,
        0x390, 0x2C, 0x0, 0x0, 0x3B0, 0x30, 0x0, 0x0,
        0x587, 0x34, 0x0, 0x37, 0x10D0, 0x0, 0x0, 0x3A,
        0x10D1, 0x0, 0x0, 0x3C, 0x10D2, 0x0, 0x0, 0x3E,
        0x10D3, 0x0, 0x0, 0x40, 0x10D4, 0x0, 0x0, 0x42,
        0x10D5, 0x0, 0x0, 0x44, 0x10D6, 0x0, 0x0, 0x46,
        0x10D7, 0x0, 0x0, 0x48, 0x10D8, 0x0, 0x0, 0x4A,
        0x10D9, 0x0, 0x0, 0x4C, 0x10DA, 0x0, 0x0, 0x4E,
        0x10DB, 0x0, 0x0, 0x50, 0x10DC, 0x0, 0x0, 0x52,
        0x10DD, 0x0, 0x0, 0x54, 0x10DE, 0x0, 0x0, 0x56,
        0x10DF, 0x0, 0x0, 0x58, 0x10E0, 0x0, 0x0, 0x5A,
        0x10E1, 0x0, 0x0, 0x5C, 0x10E2, 0x0, 0x0, 0x5E,
        0x10E3, 0x0, 0x0, 0x60, 0x10E4, 0x0, 0x0, 0x62,
        0x10E5, 0x0, 0x0, 0x64, 0x10E6, 0x0, 0x0, 0x66,
        0x10E7, 0x0, 0x0, 0x68, 0x10E8, 0x0, 0x0, 0x6A,
        0x10E9, 0x0, 0x0, 0x6C, 0x10EA, 0x0, 0x0, 0x6E,
        0x10EB, 0x0, 0x0, 0x70, 0x10EC, 0x0, 0x0, 0x72,
        0x10ED, 0x0, 0x0, 0x74, 0x10EE, 0x0, 0x0, 0x76,
        0x10EF, 0x0, 0x0, 0x78, 0x10F0, 0x0, 0x0, 0x7A,
        0x10F1, 0x0, 0x0, 0x7C, 0x10F2, 0x0, 0x0, 0x7E,
        0x10F3, 0x0, 0x0, 0x80, 0x10F4, 0x0, 0x0, 0x82,
        0x10F5, 0x0, 0x0, 0x84, 0x10F6, 0x0, 0x0, 0x86,
        0x10F7, 0x0, 0x0, 0x88, 0x10F8, 0x0, 0x0, 0x8A,
        0x10F9, 0x0, 0x0, 0x8C, 0x10FA, 0x0, 0x0, 0x8E,
        0x10FD, 0x0, 0x0, 0x90, 0x10FE, 0x0, 0x0, 0x92,
        0x10FF, 0x0, 0x0, 0x94, 0x1E96, 0x96, 0x0, 0x0,
        0x1E97, 0x99, 0x0, 0x0, 0x1E98, 0x9C, 0x0, 0x0,
        0x1E99, 0x9F, 0x0, 0x0, 0x1E9A, 0xA2, 0x0, 0x0,
        0x1F50, 0xA5, 0x0, 0x0, 0x1F52, 0xA8, 0x0, 0x0,
        0x1F54, 0xAC, 0x0, 0x0, 0x1F56, 0xB0, 0x0, 0x0,
        0x1F80, 0xB4, 0x0, 0xB7, 0x1F81, 0xB9, 0x0, 0xBC,
        0x1F82, 0xBE, 0x0, 0xC1, 0x1F83, 0xC3, 0x0, 0xC6,
        0x1F84, 0xC8, 0x0, 0xCB, 0x1F85, 0xCD, 0x0, 0xD0,
        0x1F86, 0xD2, 0x0, 0xD5, 0x1F87, 0xD7, 0x0, 0xDA,
        0x1F88, 0xDC, 0x0, 0xDF, 0x1F89, 0xE1, 0x0, 0xE4,
        0x1F8A, 0xE6, 0x0, 0xE9, 0x1F8B, 0xEB, 0x0, 0xEE,
        0x1F8C, 0xF0, 0x0, 0xF3, 0x1F8D, 0xF5, 0x0, 0xF8,
        0x1F8E, 0xFA, 0x0, 0xFD, 0x1F8F, 0xFF, 0x0, 0x102,
        0x1F90, 0x104, 0x0, 0x107, 0x1F91, 0x109, 0x0, 0x10C,
        0x1F92, 0x10E, 0x0, 0x111, 0x1F93, 0x113, 0x0, 0x116,
        0x1F94, 0x118, 0x0, 0x11B, 0x1F95, 0x11D, 0x0, 0x120,
        0x1F96, 0x122, 0x0, 0x125, 0x1F97, 0x127, 0x0, 0x12A,
        0x1F98, 0x12C, 0x0, 0x12F, 0x1F99, 0x131, 0x0, 0x134,
        0x1F9A, 0x136, 0x0, 0x139, 0x1F9B, 0x13B, 0x0, 0x13E,
        0x1F9C, 0x140, 0x0, 0x143, 0x1F9D, 0x145, 0x0, 0x148,
        0x1F9E, 0x14A, 0x0, 0x14D, 0x1F9F, 0x14F, 0x0, 0x152,
        0x1FA0, 0x154, 0x0, 0x157, 0x1FA1, 0x159, 0x0, 0x15C,
        0x1FA2, 0x15E, 0x0, 0x161, 0x1FA3, 0x163, 0x0, 0x166,
        0x1FA4, 0x168, 0x0, 0x16B, 0x1FA5, 0x16D, 0x0, 0x170,
        0x1FA6, 0x172, 0x0, 0x175, 0x1FA7, 0x177, 0x0, 0x17A,
        0x1FA8, 0x17C, 0x0, 0x17F, 0x1FA9, 0x181, 0x0, 0x184,
        0x1FAA, 0x186, 0x0, 0x189, 0x1FAB, 0x18B, 0x0, 0x18E,
        0x1FAC, 0x190, 0x0, 0x193, 0x1FAD, 0x195, 0x0, 0x198,
        0x1FAE, 0x19A, 0x0, 0x19D, 0x1FAF, 0x19F, 0x0, 0x1A2,
        0x1FB2, 0x1A4, 0x0, 0x1A7, 0x1FB3, 0x1AA, 0x0, 0x1AD,
        0x1FB4, 0x1AF, 0x0, 0x1B2, 0x1FB6, 0x1B5, 0x0, 0x0,
        0x1FB7, 0x1B8, 0x0, 0x1BC, 0x1FBC, 0x1C0, 0x0, 0x1C3,
        0x1FC2, 0x1C5, 0x0, 0x1C8, 0x1FC3, 0x1CB, 0x0, 0x1CE,
        0x1FC4, 0x1D0, 0x0, 0x1D3, 0x1FC6, 0x1D6, 0x0, 0x0,
        0x1FC7, 0x1D9, 0x0, 0x1DD, 0x1FCC, 0x1E1, 0x0, 0x1E4,
        0x1FD2, 0x1E6, 0x0, 0x0, 0x1FD3, 0x1EA, 0x0, 0x0,
        0x1FD6, 0x1EE, 0x0, 0x0, 0x1FD7, 0x1F1, 0x0, 0x0,
        0x1FE2, 0x1F5, 0x0, 0x0, 0x1FE3, 0x1F9, 0x0, 0x0,
        0x1FE4, 0x1FD, 0x0, 0x0, 0x1FE6, 0x200, 0x0, 0x0,
        0x1FE7, 0x203, 0x0, 0x0, 0x1FF2, 0x207, 0x0, 0x20A,
        0x1FF3, 0x20D, 0x0, 0x210, 0x1FF4, 0x212, 0x0, 0x215,
        0x1FF6, 0x218, 0x0, 0x0, 0x1FF7, 0x21B, 0x0, 0x21F,
        0x1FFC, 0x223, 0x0, 0x226, 0xFB00, 0x228, 0x0, 0x22B,
        0xFB01, 0x22E, 0x0, 0x231, 0xFB02, 0x234, 0x0, 0x237,
        0xFB03, 0x23A, 0x0, 0x23E, 0xFB04, 0x242, 0x0, 0x246,
        0xFB05, 0x24A, 0x0, 0x24D, 0xFB06, 0x250, 0x0, 0x253,
        0xFB13, 0x256, 0x0, 0x259, 0xFB14, 0x25C, 0x0, 0x25F,
        0xFB15, 0x262, 0x0, 0x265, 0xFB16, 0x268, 0x0, 0x26B,
        0xFB17, 0x26E, 0x0, 0x271,
    ];

    /// <summary>The full case mappings.</summary>
    public static ReadOnlySpan<uint> SpecialCaseParts =>
    [
        0x0, 0x2, 0x53, 0x53, 0x2, 0x53, 0x73, 0x2,
        0x69, 0x307, 0x1, 0x49, 0x2, 0x2BC, 0x4E, 0x1,
        0x53, 0x1, 0x1C5, 0x1, 0x1C5, 0x1, 0x1C5, 0x1,
        0x1C8, 0x1, 0x1C8, 0x1, 0x1C8, 0x1, 0x1CB, 0x1,
        0x1CB, 0x1, 0x1CB, 0x2, 0x4A, 0x30C, 0x1, 0x1F2,
        0x1, 0x1F2, 0x1, 0x1F2, 0x3, 0x399, 0x308, 0x301,
        0x3, 0x3A5, 0x308, 0x301, 0x2, 0x535, 0x552, 0x2,
        0x535, 0x582, 0x1, 0x10D0, 0x1, 0x10D1, 0x1, 0x10D2,
        0x1, 0x10D3, 0x1, 0x10D4, 0x1, 0x10D5, 0x1, 0x10D6,
        0x1, 0x10D7, 0x1, 0x10D8, 0x1, 0x10D9, 0x1, 0x10DA,
        0x1, 0x10DB, 0x1, 0x10DC, 0x1, 0x10DD, 0x1, 0x10DE,
        0x1, 0x10DF, 0x1, 0x10E0, 0x1, 0x10E1, 0x1, 0x10E2,
        0x1, 0x10E3, 0x1, 0x10E4, 0x1, 0x10E5, 0x1, 0x10E6,
        0x1, 0x10E7, 0x1, 0x10E8, 0x1, 0x10E9, 0x1, 0x10EA,
        0x1, 0x10EB, 0x1, 0x10EC, 0x1, 0x10ED, 0x1, 0x10EE,
        0x1, 0x10EF, 0x1, 0x10F0, 0x1, 0x10F1, 0x1, 0x10F2,
        0x1, 0x10F3, 0x1, 0x10F4, 0x1, 0x10F5, 0x1, 0x10F6,
        0x1, 0x10F7, 0x1, 0x10F8, 0x1, 0x10F9, 0x1, 0x10FA,
        0x1, 0x10FD, 0x1, 0x10FE, 0x1, 0x10FF, 0x2, 0x48,
        0x331, 0x2, 0x54, 0x308, 0x2, 0x57, 0x30A, 0x2,
        0x59, 0x30A, 0x2, 0x41, 0x2BE, 0x2, 0x3A5, 0x313,
        0x3, 0x3A5, 0x313, 0x300, 0x3, 0x3A5, 0x313, 0x301,
        0x3, 0x3A5, 0x313, 0x342, 0x2, 0x1F08, 0x399, 0x1,
        0x1F88, 0x2, 0x1F09, 0x399, 0x1, 0x1F89, 0x2, 0x1F0A,
        0x399, 0x1, 0x1F8A, 0x2, 0x1F0B, 0x399, 0x1, 0x1F8B,
        0x2, 0x1F0C, 0x399, 0x1, 0x1F8C, 0x2, 0x1F0D, 0x399,
        0x1, 0x1F8D, 0x2, 0x1F0E, 0x399, 0x1, 0x1F8E, 0x2,
        0x1F0F, 0x399, 0x1, 0x1F8F, 0x2, 0x1F08, 0x399, 0x1,
        0x1F88, 0x2, 0x1F09, 0x399, 0x1, 0x1F89, 0x2, 0x1F0A,
        0x399, 0x1, 0x1F8A, 0x2, 0x1F0B, 0x399, 0x1, 0x1F8B,
        0x2, 0x1F0C, 0x399, 0x1, 0x1F8C, 0x2, 0x1F0D, 0x399,
        0x1, 0x1F8D, 0x2, 0x1F0E, 0x399, 0x1, 0x1F8E, 0x2,
        0x1F0F, 0x399, 0x1, 0x1F8F, 0x2, 0x1F28, 0x399, 0x1,
        0x1F98, 0x2, 0x1F29, 0x399, 0x1, 0x1F99, 0x2, 0x1F2A,
        0x399, 0x1, 0x1F9A, 0x2, 0x1F2B, 0x399, 0x1, 0x1F9B,
        0x2, 0x1F2C, 0x399, 0x1, 0x1F9C, 0x2, 0x1F2D, 0x399,
        0x1, 0x1F9D, 0x2, 0x1F2E, 0x399, 0x1, 0x1F9E, 0x2,
        0x1F2F, 0x399, 0x1, 0x1F9F, 0x2, 0x1F28, 0x399, 0x1,
        0x1F98, 0x2, 0x1F29, 0x399, 0x1, 0x1F99, 0x2, 0x1F2A,
        0x399, 0x1, 0x1F9A, 0x2, 0x1F2B, 0x399, 0x1, 0x1F9B,
        0x2, 0x1F2C, 0x399, 0x1, 0x1F9C, 0x2, 0x1F2D, 0x399,
        0x1, 0x1F9D, 0x2, 0x1F2E, 0x399, 0x1, 0x1F9E, 0x2,
        0x1F2F, 0x399, 0x1, 0x1F9F, 0x2, 0x1F68, 0x399, 0x1,
        0x1FA8, 0x2, 0x1F69, 0x399, 0x1, 0x1FA9, 0x2, 0x1F6A,
        0x399, 0x1, 0x1FAA, 0x2, 0x1F6B, 0x399, 0x1, 0x1FAB,
        0x2, 0x1F6C, 0x399, 0x1, 0x1FAC, 0x2, 0x1F6D, 0x399,
        0x1, 0x1FAD, 0x2, 0x1F6E, 0x399, 0x1, 0x1FAE, 0x2,
        0x1F6F, 0x399, 0x1, 0x1FAF, 0x2, 0x1F68, 0x399, 0x1,
        0x1FA8, 0x2, 0x1F69, 0x399, 0x1, 0x1FA9, 0x2, 0x1F6A,
        0x399, 0x1, 0x1FAA, 0x2, 0x1F6B, 0x399, 0x1, 0x1FAB,
        0x2, 0x1F6C, 0x399, 0x1, 0x1FAC, 0x2, 0x1F6D, 0x399,
        0x1, 0x1FAD, 0x2, 0x1F6E, 0x399, 0x1, 0x1FAE, 0x2,
        0x1F6F, 0x399, 0x1, 0x1FAF, 0x2, 0x1FBA, 0x399, 0x2,
        0x1FBA, 0x345, 0x2, 0x391, 0x399, 0x1, 0x1FBC, 0x2,
        0x386, 0x399, 0x2, 0x386, 0x345, 0x2, 0x391, 0x342,
        0x3, 0x391, 0x342, 0x399, 0x3, 0x391, 0x342, 0x345,
        0x2, 0x391, 0x399, 0x1, 0x1FBC, 0x2, 0x1FCA, 0x399,
        0x2, 0x1FCA, 0x345, 0x2, 0x397, 0x399, 0x1, 0x1FCC,
        0x2, 0x389, 0x399, 0x2, 0x389, 0x345, 0x2, 0x397,
        0x342, 0x3, 0x397, 0x342, 0x399, 0x3, 0x397, 0x342,
        0x345, 0x2, 0x397, 0x399, 0x1, 0x1FCC, 0x3, 0x399,
        0x308, 0x300, 0x3, 0x399, 0x308, 0x301, 0x2, 0x399,
        0x342, 0x3, 0x399, 0x308, 0x342, 0x3, 0x3A5, 0x308,
        0x300, 0x3, 0x3A5, 0x308, 0x301, 0x2, 0x3A1, 0x313,
        0x2, 0x3A5, 0x342, 0x3, 0x3A5, 0x308, 0x342, 0x2,
        0x1FFA, 0x399, 0x2, 0x1FFA, 0x345, 0x2, 0x3A9, 0x399,
        0x1, 0x1FFC, 0x2, 0x38F, 0x399, 0x2, 0x38F, 0x345,
        0x2, 0x3A9, 0x342, 0x3, 0x3A9, 0x342, 0x399, 0x3,
        0x3A9, 0x342, 0x345, 0x2, 0x3A9, 0x399, 0x1, 0x1FFC,
        0x2, 0x46, 0x46, 0x2, 0x46, 0x66, 0x2, 0x46,
        0x49, 0x2, 0x46, 0x69, 0x2, 0x46, 0x4C, 0x2,
        0x46, 0x6C, 0x3, 0x46, 0x46, 0x49, 0x3, 0x46,
        0x66, 0x69, 0x3, 0x46, 0x46, 0x4C, 0x3, 0x46,
        0x66, 0x6C, 0x2, 0x53, 0x54, 0x2, 0x53, 0x74,
        0x2, 0x53, 0x54, 0x2, 0x53, 0x74, 0x2, 0x544,
        0x546, 0x2, 0x544, 0x576, 0x2, 0x544, 0x535, 0x2,
        0x544, 0x565, 0x2, 0x544, 0x53B, 0x2, 0x544, 0x56B,
        0x2, 0x54E, 0x546, 0x2, 0x54E, 0x576, 0x2, 0x544,
        0x53D, 0x2, 0x544, 0x56D,
    ];
}
